auc,Model
0.325077399380805,Permutation
0.5356037151702786,Permutation
0.31578947368421056,Permutation
0.4798761609907121,Permutation
0.39628482972136225,Permutation
0.5820433436532508,Permutation
0.6811145510835914,Permutation
0.4674922600619195,Permutation
0.5820433436532508,Permutation
0.6068111455108359,Permutation
0.5263157894736843,Permutation
0.43343653250774,Permutation
0.5975232198142415,Permutation
0.5541795665634675,Permutation
0.4489164086687306,Permutation
0.5820433436532508,Permutation
0.5263157894736842,Permutation
0.4396284829721362,Permutation
0.5325077399380805,Permutation
0.36842105263157904,Permutation
0.6408668730650156,Permutation
0.4643962848297214,Permutation
0.40247678018575855,Permutation
0.5386996904024769,Permutation
0.4736842105263158,Permutation
0.4055727554179567,Permutation
0.56656346749226,Permutation
0.3653250773993808,Permutation
0.3560371517027864,Permutation
0.56656346749226,Permutation
0.47987616099071206,Permutation
0.4489164086687306,Permutation
0.44582043343653255,Permutation
0.5510835913312693,Permutation
0.4117647058823529,Permutation
0.3993808049535604,Permutation
0.40866873065015474,Permutation
0.5108359133126936,Permutation
0.26315789473684215,Permutation
0.5789473684210527,Permutation
0.65015479876161,Permutation
0.5634674922600619,Permutation
0.5325077399380805,Permutation
0.6625386996904026,Permutation
0.5356037151702786,Permutation
0.4643962848297214,Permutation
0.5541795665634675,Permutation
0.4860681114551083,Permutation
0.3808049535603715,Permutation
0.46439628482972134,Permutation
0.4674922600619196,Permutation
0.5820433436532508,Permutation
0.6222910216718266,Permutation
0.5263157894736843,Permutation
0.47678018575851394,Permutation
0.47058823529411764,Permutation
0.5015479876160991,Permutation
0.628482972136223,Permutation
0.43962848297213625,Permutation
0.4953560371517028,Permutation
0.5015479876160991,Permutation
0.3808049535603716,Permutation
0.6099071207430341,Permutation
0.6470588235294118,Permutation
0.46749226006191946,Permutation
0.46749226006191946,Permutation
0.476780185758514,Permutation
0.4055727554179567,Permutation
0.6222910216718267,Permutation
0.5015479876160991,Permutation
0.5448916408668731,Permutation
0.5139318885448916,Permutation
0.4984520123839009,Permutation
0.3777089783281734,Permutation
0.5913312693498451,Permutation
0.6037151702786377,Permutation
0.5789473684210527,Permutation
0.5386996904024768,Permutation
0.5201238390092879,Permutation
0.49845201238390097,Permutation
0.47678018575851394,Permutation
0.43962848297213625,Permutation
0.4984520123839009,Permutation
0.6006191950464396,Permutation
0.6037151702786377,Permutation
0.40247678018575855,Permutation
0.49226006191950467,Permutation
0.31269349845201244,Permutation
0.5603715170278638,Permutation
0.6439628482972136,Permutation
0.5170278637770898,Permutation
0.5046439628482973,Permutation
0.4055727554179567,Permutation
0.5572755417956656,Permutation
0.541795665634675,Permutation
0.4953560371517028,Permutation
0.5108359133126935,Permutation
0.5696594427244582,Permutation
0.48606811145510836,Permutation
0.39009287925696595,Permutation
0.6006191950464397,Permutation
0.48606811145510836,Permutation
0.4148606811145511,Permutation
0.4272445820433437,Permutation
0.48297213622291024,Permutation
0.43962848297213625,Permutation
0.5139318885448917,Permutation
0.3993808049535604,Permutation
0.3126934984520124,Permutation
0.5479876160990712,Permutation
0.368421052631579,Permutation
0.718266253869969,Permutation
0.43343653250773995,Permutation
0.4643962848297214,Permutation
0.44272445820433437,Permutation
0.5077399380804953,Permutation
0.5015479876160991,Permutation
0.6006191950464397,Permutation
0.5077399380804954,Permutation
0.5170278637770898,Permutation
0.5851393188854489,Permutation
0.5944272445820433,Permutation
0.5696594427244582,Permutation
0.34055727554179566,Permutation
0.2321981424148607,Permutation
0.4272445820433437,Permutation
0.5170278637770898,Permutation
0.24458204334365324,Permutation
0.48297213622291024,Permutation
0.5789473684210527,Permutation
0.3931888544891642,Permutation
0.40247678018575855,Permutation
0.38080495356037153,Permutation
0.563467492260062,Permutation
0.40247678018575855,Permutation
0.42724458204334365,Permutation
0.5603715170278638,Permutation
0.2786377708978328,Permutation
0.4520123839009288,Permutation
0.24148606811145512,Permutation
0.718266253869969,Permutation
0.6965944272445821,Permutation
0.325077399380805,Permutation
0.4953560371517028,Permutation
0.368421052631579,Permutation
0.6006191950464396,Permutation
0.32507739938080504,Permutation
0.6377708978328174,Permutation
0.4551083591331269,Permutation
0.5232198142414861,Permutation
0.4860681114551083,Permutation
0.6594427244582043,Permutation
0.7027863777089783,Permutation
0.46749226006191946,Permutation
0.43653250773993807,Permutation
0.49845201238390097,Permutation
0.5201238390092879,Permutation
0.49226006191950467,Permutation
0.4953560371517028,Permutation
0.3405572755417957,Permutation
0.26625386996904027,Permutation
0.5727554179566563,Permutation
0.6439628482972137,Permutation
0.5263157894736843,Permutation
0.6377708978328173,Permutation
0.4210526315789474,Permutation
0.49226006191950467,Permutation
0.5263157894736842,Permutation
0.40247678018575855,Permutation
0.3962848297213622,Permutation
0.4953560371517028,Permutation
0.47987616099071206,Permutation
0.5479876160990712,Permutation
0.6346749226006192,Permutation
0.45510835913312697,Permutation
0.4798761609907121,Permutation
0.6470588235294118,Permutation
0.7275541795665634,Permutation
0.3157894736842105,Permutation
0.39628482972136225,Permutation
0.4365325077399381,Permutation
0.4055727554179567,Permutation
0.563467492260062,Permutation
0.5201238390092879,Permutation
0.35913312693498456,Permutation
0.35294117647058826,Permutation
0.5046439628482973,Permutation
0.6625386996904025,Permutation
0.38080495356037153,Permutation
0.34984520123839014,Permutation
0.5232198142414861,Permutation
0.5479876160990712,Permutation
0.3746130030959752,Permutation
0.4551083591331269,Permutation
0.5789473684210527,Permutation
0.38080495356037153,Permutation
0.5139318885448916,Permutation
0.6037151702786377,Permutation
0.3777089783281734,Permutation
0.5232198142414861,Permutation
0.4458204334365326,Permutation
0.346749226006192,Permutation
0.6006191950464397,Permutation
0.5603715170278638,Permutation
0.5263157894736842,Permutation
0.5727554179566563,Permutation
0.5170278637770898,Permutation
0.6873065015479876,Permutation
0.36842105263157904,Permutation
0.5077399380804953,Permutation
0.5232198142414861,Permutation
0.3126934984520124,Permutation
0.49226006191950467,Permutation
0.5913312693498451,Permutation
0.6377708978328174,Permutation
0.5046439628482973,Permutation
0.49535603715170284,Permutation
0.5510835913312693,Permutation
0.5077399380804954,Permutation
0.45201238390092885,Permutation
0.3746130030959753,Permutation
0.43034055727554177,Permutation
0.4024767801857585,Permutation
0.390092879256966,Permutation
0.5201238390092879,Permutation
0.4736842105263159,Permutation
0.4984520123839009,Permutation
0.6780185758513932,Permutation
0.5325077399380805,Permutation
0.5541795665634676,Permutation
0.47368421052631576,Permutation
0.5541795665634675,Permutation
0.5541795665634675,Permutation
0.4798761609907121,Permutation
0.563467492260062,Permutation
0.5386996904024768,Permutation
0.5696594427244582,Permutation
0.6656346749226006,Permutation
0.4210526315789474,Permutation
0.6191950464396285,Permutation
0.31578947368421056,Permutation
0.4210526315789474,Permutation
0.5820433436532507,Permutation
0.5789473684210527,Permutation
0.39938080495356043,Permutation
0.37770897832817335,Permutation
0.4303405572755419,Permutation
0.6811145510835913,Permutation
0.2941176470588236,Permutation
0.5975232198142416,Permutation
0.4891640866873065,Permutation
0.5820433436532507,Permutation
0.4613003095975233,Permutation
0.5201238390092879,Permutation
0.6222910216718267,Permutation
0.671826625386997,Permutation
0.4551083591331269,Permutation
0.4891640866873065,Permutation
0.6377708978328174,Permutation
0.4458204334365325,Permutation
0.411764705882353,Permutation
0.5077399380804953,Permutation
0.7523219814241486,Permutation
0.42724458204334365,Permutation
0.4674922600619196,Permutation
0.4891640866873065,Permutation
0.455108359133127,Permutation
0.6780185758513931,Permutation
0.5913312693498453,Permutation
0.5170278637770899,Permutation
0.49226006191950467,Permutation
0.6934984520123839,Permutation
0.544891640866873,Permutation
0.5789473684210527,Permutation
0.47987616099071206,Permutation
0.5789473684210527,Permutation
0.628482972136223,Permutation
0.48297213622291024,Permutation
0.6130030959752323,Permutation
0.6842105263157894,Permutation
0.4767801857585139,Permutation
0.6346749226006192,Permutation
0.5201238390092879,Permutation
0.6160990712074303,Permutation
0.6346749226006192,Permutation
0.6253869969040248,Permutation
0.4086687306501548,Permutation
0.5479876160990712,Permutation
0.5944272445820433,Permutation
0.6377708978328173,Permutation
0.6346749226006192,Permutation
0.6501547987616099,Permutation
0.6191950464396284,Permutation
0.5077399380804954,Permutation
0.5479876160990712,Permutation
0.6099071207430341,Permutation
0.47678018575851394,Permutation
0.48297213622291024,Permutation
0.5108359133126935,Permutation
0.4984520123839009,Permutation
0.5356037151702786,Permutation
0.5634674922600619,Permutation
0.39938080495356043,Permutation
0.43962848297213625,Permutation
0.5541795665634675,Permutation
0.4736842105263159,Permutation
0.38699690402476783,Permutation
0.5294117647058824,Permutation
0.3746130030959753,Permutation
0.5325077399380805,Permutation
0.42724458204334365,Permutation
0.5634674922600619,Permutation
0.4241486068111455,Permutation
0.4303405572755418,Permutation
0.4055727554179567,Permutation
0.4396284829721362,Permutation
0.56656346749226,Permutation
0.47678018575851394,Permutation
0.5232198142414861,Permutation
0.368421052631579,Permutation
0.35913312693498456,Permutation
0.4241486068111456,Permutation
0.4953560371517028,Permutation
0.34365325077399383,Permutation
0.4055727554179567,Permutation
0.5851393188854489,Permutation
0.5356037151702786,Permutation
0.48606811145510836,Permutation
0.5789473684210527,Permutation
0.3560371517027864,Permutation
0.5944272445820433,Permutation
0.5727554179566563,Permutation
0.45820433436532504,Permutation
0.5479876160990713,Permutation
0.4860681114551083,Permutation
0.44272445820433437,Permutation
0.3715170278637771,Permutation
0.6284829721362228,Permutation
0.47058823529411764,Permutation
0.563467492260062,Permutation
0.5479876160990712,Permutation
0.3808049535603715,Permutation
0.476780185758514,Permutation
0.4643962848297214,Permutation
0.4458204334365325,Permutation
0.6006191950464396,Permutation
0.5758513931888545,Permutation
0.5046439628482972,Permutation
0.5139318885448916,Permutation
0.5294117647058825,Permutation
0.588235294117647,Permutation
0.5603715170278637,Permutation
0.6315789473684211,Permutation
0.5913312693498453,Permutation
0.2941176470588236,Permutation
0.3622291021671826,Permutation
0.47987616099071206,Permutation
0.5510835913312694,Permutation
0.6501547987616099,Permutation
0.48297213622291024,Permutation
0.6377708978328174,Permutation
0.303405572755418,Permutation
0.4148606811145511,Permutation
0.4458204334365326,Permutation
0.3777089783281734,Permutation
0.4520123839009288,Permutation
0.411764705882353,Permutation
0.5139318885448917,Permutation
0.5789473684210527,Permutation
0.6501547987616099,Permutation
0.4613003095975233,Permutation
0.6749226006191951,Permutation
0.4117647058823529,Permutation
0.563467492260062,Permutation
0.4582043343653251,Permutation
0.3498452012383901,Permutation
0.47368421052631576,Permutation
0.48916408668730654,Permutation
0.4520123839009288,Permutation
0.5634674922600619,Permutation
0.5479876160990713,Permutation
0.4643962848297214,Permutation
0.631578947368421,Permutation
0.5356037151702786,Permutation
0.5696594427244582,Permutation
0.5046439628482973,Permutation
0.4396284829721362,Permutation
0.5820433436532508,Permutation
0.5541795665634676,Permutation
0.5913312693498453,Permutation
0.5510835913312693,Permutation
0.6037151702786377,Permutation
0.3869969040247678,Permutation
0.4024767801857585,Permutation
0.5510835913312693,Permutation
0.631578947368421,Permutation
0.5510835913312693,Permutation
0.6191950464396284,Permutation
0.4179566563467492,Permutation
0.35294117647058826,Permutation
0.4272445820433437,Permutation
0.42414860681114547,Permutation
0.4891640866873065,Permutation
0.6718266253869969,Permutation
0.38699690402476783,Permutation
0.42724458204334365,Permutation
0.32507739938080493,Permutation
0.6996904024767803,Permutation
0.281733746130031,Permutation
0.303405572755418,Permutation
0.5727554179566563,Permutation
0.4303405572755418,Permutation
0.49226006191950467,Permutation
0.5325077399380804,Permutation
0.6130030959752323,Permutation
0.653250773993808,Permutation
0.479876160990712,Permutation
0.4922600619195046,Permutation
0.476780185758514,Permutation
0.6749226006191951,Permutation
0.48297213622291024,Permutation
0.5479876160990713,Permutation
0.5665634674922602,Permutation
0.3126934984520124,Permutation
0.5108359133126935,Permutation
0.6130030959752323,Permutation
0.5015479876160991,Permutation
0.5356037151702786,Permutation
0.40247678018575855,Permutation
0.4241486068111455,Permutation
0.49535603715170273,Permutation
0.4396284829721362,Permutation
0.4767801857585139,Permutation
0.5789473684210527,Permutation
0.6842105263157895,Permutation
0.47678018575851394,Permutation
0.4643962848297214,Permutation
0.3188854489164087,Permutation
0.6068111455108359,Permutation
0.5015479876160991,Permutation
0.4860681114551084,Permutation
0.5170278637770899,Permutation
0.5263157894736843,Permutation
0.48606811145510836,Permutation
0.4674922600619195,Permutation
0.6656346749226005,Permutation
0.5201238390092879,Permutation
0.56656346749226,Permutation
0.5758513931888545,Permutation
0.45820433436532504,Permutation
0.46749226006191946,Permutation
0.631578947368421,Permutation
0.4148606811145511,Permutation
0.4643962848297214,Permutation
0.3405572755417957,Permutation
0.6470588235294117,Permutation
0.628482972136223,Permutation
0.49226006191950467,Permutation
0.48297213622291024,Permutation
0.4520123839009288,Permutation
0.43034055727554177,Permutation
0.5232198142414861,Permutation
0.6346749226006191,Permutation
0.5232198142414861,Permutation
0.5015479876160991,Permutation
0.43343653250773995,Permutation
0.47987616099071206,Permutation
0.40247678018575855,Permutation
0.3715170278637771,Permutation
0.5541795665634676,Permutation
0.43962848297213625,Permutation
0.4117647058823529,Permutation
0.34055727554179566,Permutation
0.6346749226006192,Permutation
0.43653250773993807,Permutation
0.5046439628482973,Permutation
0.4767801857585139,Permutation
0.5510835913312693,Permutation
0.5882352941176472,Permutation
0.7554179566563467,Permutation
0.5820433436532508,Permutation
0.6006191950464396,Permutation
0.718266253869969,Permutation
0.3653250773993808,Permutation
0.6160990712074303,Permutation
0.4272445820433437,Permutation
0.38699690402476783,Permutation
0.38699690402476783,Permutation
0.5975232198142415,Permutation
0.4891640866873065,Permutation
0.6253869969040248,Permutation
0.5325077399380804,Permutation
0.653250773993808,Permutation
0.5263157894736842,Permutation
0.4674922600619195,Permutation
0.4643962848297214,Permutation
0.5108359133126934,Permutation
0.5479876160990711,Permutation
0.4984520123839009,Permutation
0.5913312693498451,Permutation
0.5296052631578947,Permutation
0.549342105263158,Permutation
0.4276315789473684,Permutation
0.2927631578947369,Permutation
0.5328947368421053,Permutation
0.3157894736842105,Permutation
0.41776315789473684,Permutation
0.39473684210526316,Permutation
0.430921052631579,Permutation
0.25986842105263164,Permutation
0.5822368421052632,Permutation
0.6118421052631579,Permutation
0.6019736842105264,Permutation
0.3848684210526316,Permutation
0.4605263157894737,Permutation
0.4572368421052631,Permutation
0.6546052631578948,Permutation
0.46052631578947373,Permutation
0.5098684210526316,Permutation
0.48355263157894735,Permutation
0.5361842105263158,Permutation
0.38486842105263164,Permutation
0.4835526315789474,Permutation
0.549342105263158,Permutation
0.569078947368421,Permutation
0.430921052631579,Permutation
0.39473684210526316,Permutation
0.5592105263157895,Permutation
0.5361842105263158,Permutation
0.37828947368421056,Permutation
0.4638157894736842,Permutation
0.4473684210526316,Permutation
0.4703947368421053,Permutation
0.5,Permutation
0.4901315789473684,Permutation
0.5526315789473684,Permutation
0.5230263157894737,Permutation
0.631578947368421,Permutation
0.618421052631579,Permutation
0.4967105263157895,Permutation
0.5230263157894737,Permutation
0.45723684210526316,Permutation
0.549342105263158,Permutation
0.5328947368421053,Permutation
0.6085526315789475,Permutation
0.46381578947368424,Permutation
0.5657894736842105,Permutation
0.5164473684210527,Permutation
0.5855263157894737,Permutation
0.569078947368421,Permutation
0.5756578947368421,Permutation
0.46381578947368424,Permutation
0.48355263157894735,Permutation
0.39802631578947373,Permutation
0.5,Permutation
0.5328947368421053,Permutation
0.5921052631578948,Permutation
0.39473684210526316,Permutation
0.4210526315789474,Permutation
0.638157894736842,Permutation
0.4967105263157895,Permutation
0.2960526315789474,Permutation
0.5460526315789473,Permutation
0.5032894736842105,Permutation
0.5,Permutation
0.39802631578947373,Permutation
0.5,Permutation
0.4407894736842105,Permutation
0.569078947368421,Permutation
0.5263157894736843,Permutation
0.5328947368421053,Permutation
0.2006578947368421,Permutation
0.5526315789473685,Permutation
0.39473684210526316,Permutation
0.5032894736842105,Permutation
0.5855263157894738,Permutation
0.6611842105263158,Permutation
0.5263157894736842,Permutation
0.5394736842105263,Permutation
0.6578947368421053,Permutation
0.75,Permutation
0.5657894736842105,Permutation
0.368421052631579,Permutation
0.549342105263158,Permutation
0.45065789473684215,Permutation
0.4111842105263158,Permutation
0.4967105263157895,Permutation
0.3519736842105263,Permutation
0.6118421052631579,Permutation
0.3026315789473684,Permutation
0.4046052631578948,Permutation
0.575657894736842,Permutation
0.4243421052631579,Permutation
0.7697368421052632,Permutation
0.42434210526315796,Permutation
0.25328947368421056,Permutation
0.6513157894736843,Permutation
0.40789473684210525,Permutation
0.5098684210526316,Permutation
0.5690789473684211,Permutation
0.4769736842105263,Permutation
0.4901315789473684,Permutation
0.3651315789473684,Permutation
0.2565789473684211,Permutation
0.3092105263157895,Permutation
0.4473684210526316,Permutation
0.3355263157894737,Permutation
0.5032894736842105,Permutation
0.549342105263158,Permutation
0.4342105263157895,Permutation
0.5427631578947368,Permutation
0.5032894736842106,Permutation
0.4835526315789474,Permutation
0.555921052631579,Permutation
0.43421052631578955,Permutation
0.3486842105263158,Permutation
0.7401315789473684,Permutation
0.5230263157894737,Permutation
0.555921052631579,Permutation
0.5427631578947368,Permutation
0.6085526315789473,Permutation
0.6480263157894737,Permutation
0.4835526315789474,Permutation
0.5657894736842105,Permutation
0.5361842105263157,Permutation
0.5230263157894737,Permutation
0.5855263157894737,Permutation
0.6644736842105263,Permutation
0.5394736842105263,Permutation
0.5296052631578948,Permutation
0.3125,Permutation
0.493421052631579,Permutation
0.3881578947368421,Permutation
0.5164473684210527,Permutation
0.5625,Permutation
0.5230263157894737,Permutation
0.5526315789473685,Permutation
0.21052631578947367,Permutation
0.6052631578947368,Permutation
0.44736842105263164,Permutation
0.555921052631579,Permutation
0.3125,Permutation
0.5690789473684211,Permutation
0.4440789473684211,Permutation
0.575657894736842,Permutation
0.5921052631578948,Permutation
0.7138157894736843,Permutation
0.5953947368421053,Permutation
0.5592105263157895,Permutation
0.5296052631578948,Permutation
0.5427631578947368,Permutation
0.430921052631579,Permutation
0.506578947368421,Permutation
0.6381578947368421,Permutation
0.6644736842105263,Permutation
0.4473684210526316,Permutation
0.6907894736842106,Permutation
0.45065789473684215,Permutation
0.3125,Permutation
0.4967105263157895,Permutation
0.48684210526315796,Permutation
0.25986842105263164,Permutation
0.6875,Permutation
0.29605263157894735,Permutation
0.45723684210526316,Permutation
0.5032894736842106,Permutation
0.6842105263157895,Permutation
0.4111842105263158,Permutation
0.5361842105263158,Permutation
0.6282894736842105,Permutation
0.555921052631579,Permutation
0.493421052631579,Permutation
0.5263157894736842,Permutation
0.3585526315789474,Permutation
0.3322368421052632,Permutation
0.5263157894736843,Permutation
0.5953947368421053,Permutation
0.5197368421052632,Permutation
0.4835526315789474,Permutation
0.35855263157894735,Permutation
0.6842105263157895,Permutation
0.5690789473684211,Permutation
0.38486842105263164,Permutation
0.506578947368421,Permutation
0.5592105263157894,Permutation
0.3453947368421053,Permutation
0.4769736842105263,Permutation
0.5592105263157895,Permutation
0.4901315789473684,Permutation
0.549342105263158,Permutation
0.6447368421052632,Permutation
0.4967105263157895,Permutation
0.4111842105263158,Permutation
0.4934210526315789,Permutation
0.24013157894736845,Permutation
0.3388157894736842,Permutation
0.46710526315789475,Permutation
0.4046052631578948,Permutation
0.5789473684210527,Permutation
0.6381578947368421,Permutation
0.5723684210526316,Permutation
0.549342105263158,Permutation
0.45723684210526316,Permutation
0.5164473684210527,Permutation
0.4046052631578947,Permutation
0.5328947368421053,Permutation
0.3717105263157895,Permutation
0.5657894736842105,Permutation
0.3157894736842105,Permutation
0.45394736842105265,Permutation
0.4276315789473685,Permutation
0.42434210526315796,Permutation
0.41118421052631576,Permutation
0.5098684210526315,Permutation
0.368421052631579,Permutation
0.4210526315789474,Permutation
0.5361842105263158,Permutation
0.4703947368421053,Permutation
0.542763157894737,Permutation
0.6414473684210527,Permutation
0.375,Permutation
0.38815789473684204,Permutation
0.46710526315789475,Permutation
0.7138157894736842,Permutation
0.20394736842105265,Permutation
0.4144736842105263,Permutation
0.5065789473684211,Permutation
0.430921052631579,Permutation
0.2138157894736842,Permutation
0.5526315789473684,Permutation
0.694078947368421,Permutation
0.4177631578947369,Permutation
0.5526315789473685,Permutation
0.5394736842105263,Permutation
0.5723684210526316,Permutation
0.3223684210526316,Permutation
0.4605263157894738,Permutation
0.4078947368421053,Permutation
0.7203947368421052,Permutation
0.6184210526315789,Permutation
0.42105263157894735,Permutation
0.5,Permutation
0.5822368421052632,Permutation
0.38157894736842113,Permutation
0.694078947368421,Permutation
0.6019736842105263,Permutation
0.4144736842105263,Permutation
0.2993421052631579,Permutation
0.29276315789473684,Permutation
0.5526315789473685,Permutation
0.4506578947368421,Permutation
0.5427631578947367,Permutation
0.5361842105263158,Permutation
0.6677631578947368,Permutation
0.4078947368421053,Permutation
0.38815789473684215,Permutation
0.6381578947368421,Permutation
0.4013157894736843,Permutation
0.5098684210526316,Permutation
0.4276315789473685,Permutation
0.7039473684210527,Permutation
0.4703947368421053,Permutation
0.34210526315789475,Permutation
0.5526315789473685,Permutation
0.4802631578947369,Permutation
0.41118421052631576,Permutation
0.45065789473684215,Permutation
0.34210526315789475,Permutation
0.3256578947368421,Permutation
0.5164473684210527,Permutation
0.47368421052631576,Permutation
0.6085526315789473,Permutation
0.6282894736842106,Permutation
0.5921052631578948,Permutation
0.4835526315789474,Permutation
0.5921052631578948,Permutation
0.674342105263158,Permutation
0.5131578947368421,Permutation
0.4276315789473684,Permutation
0.5855263157894738,Permutation
0.48684210526315796,Permutation
0.555921052631579,Permutation
0.7269736842105263,Permutation
0.39473684210526316,Permutation
0.45065789473684215,Permutation
0.5723684210526316,Permutation
0.5164473684210527,Permutation
0.6348684210526316,Permutation
0.5263157894736842,Permutation
0.5855263157894737,Permutation
0.5822368421052632,Permutation
0.7236842105263158,Permutation
0.5592105263157894,Permutation
0.4243421052631579,Permutation
0.381578947368421,Permutation
0.6743421052631579,Permutation
0.44736842105263164,Permutation
0.6184210526315791,Permutation
0.5526315789473684,Permutation
0.33881578947368424,Permutation
0.4342105263157895,Permutation
0.6578947368421053,Permutation
0.26973684210526316,Permutation
0.6052631578947368,Permutation
0.34539473684210525,Permutation
0.7434210526315789,Permutation
0.3815789473684211,Permutation
0.6381578947368421,Permutation
0.6480263157894737,Permutation
0.37171052631578955,Permutation
0.5296052631578947,Permutation
0.5888157894736842,Permutation
0.4342105263157895,Permutation
0.3486842105263158,Permutation
0.6578947368421053,Permutation
0.33552631578947373,Permutation
0.5,Permutation
0.4868421052631579,Permutation
0.6513157894736842,Permutation
0.6381578947368421,Permutation
0.38815789473684215,Permutation
0.6710526315789476,Permutation
0.6151315789473685,Permutation
0.5953947368421053,Permutation
0.6447368421052632,Permutation
0.39473684210526316,Permutation
0.6217105263157895,Permutation
0.6447368421052633,Permutation
0.45394736842105265,Permutation
0.34210526315789475,Permutation
0.6315789473684211,Permutation
0.2467105263157895,Permutation
0.34868421052631576,Permutation
0.5361842105263158,Permutation
0.5657894736842106,Permutation
0.3388157894736842,Permutation
0.5197368421052632,Permutation
0.6677631578947368,Permutation
0.569078947368421,Permutation
0.6611842105263157,Permutation
0.2072368421052632,Permutation
0.5756578947368421,Permutation
0.5032894736842106,Permutation
0.3782894736842105,Permutation
0.3651315789473685,Permutation
0.47697368421052627,Permutation
0.45394736842105265,Permutation
0.5361842105263158,Permutation
0.7236842105263158,Permutation
0.4210526315789474,Permutation
0.4835526315789474,Permutation
0.5296052631578947,Permutation
0.5953947368421053,Permutation
0.3782894736842105,Permutation
0.6447368421052632,Permutation
0.4342105263157895,Permutation
0.7171052631578947,Permutation
0.4605263157894737,Permutation
0.4342105263157895,Permutation
0.6611842105263158,Permutation
0.368421052631579,Permutation
0.2861842105263158,Permutation
0.4835526315789474,Permutation
0.6480263157894738,Permutation
0.3717105263157895,Permutation
0.4736842105263158,Permutation
0.2532894736842105,Permutation
0.5394736842105263,Permutation
0.4967105263157895,Permutation
0.5296052631578947,Permutation
0.5230263157894737,Permutation
0.4901315789473685,Permutation
0.605263157894737,Permutation
0.506578947368421,Permutation
0.4276315789473685,Permutation
0.5361842105263158,Permutation
0.4210526315789474,Permutation
0.5032894736842105,Permutation
0.45394736842105265,Permutation
0.493421052631579,Permutation
0.12171052631578948,Permutation
0.5855263157894737,Permutation
0.47697368421052627,Permutation
0.17763157894736845,Permutation
0.4671052631578948,Permutation
0.6447368421052632,Permutation
0.4967105263157895,Permutation
0.618421052631579,Permutation
0.6315789473684211,Permutation
0.42105263157894735,Permutation
0.625,Permutation
0.6052631578947368,Permutation
0.39473684210526316,Permutation
0.555921052631579,Permutation
0.5756578947368421,Permutation
0.6677631578947368,Permutation
0.42434210526315785,Permutation
0.618421052631579,Permutation
0.5,Permutation
0.3815789473684211,Permutation
0.5361842105263158,Permutation
0.5625,Permutation
0.549342105263158,Permutation
0.44736842105263164,Permutation
0.3059210526315789,Permutation
0.5296052631578948,Permutation
0.27631578947368424,Permutation
0.6217105263157894,Permutation
0.5032894736842106,Permutation
0.4967105263157895,Permutation
0.4440789473684211,Permutation
0.3980263157894737,Permutation
0.44736842105263164,Permutation
0.368421052631579,Permutation
0.6809210526315789,Permutation
0.39144736842105265,Permutation
0.6381578947368421,Permutation
0.4736842105263158,Permutation
0.5164473684210527,Permutation
0.44078947368421056,Permutation
0.6447368421052632,Permutation
0.38815789473684204,Permutation
0.575657894736842,Permutation
0.44407894736842113,Permutation
0.22697368421052636,Permutation
0.3881578947368421,Permutation
0.3717105263157895,Permutation
0.5197368421052632,Permutation
0.5361842105263158,Permutation
0.6019736842105263,Permutation
0.42434210526315796,Permutation
0.555921052631579,Permutation
0.6710526315789473,Permutation
0.6217105263157895,Permutation
0.5032894736842106,Permutation
0.4736842105263159,Permutation
0.3684210526315789,Permutation
0.4013157894736842,Permutation
0.5296052631578947,Permutation
0.45723684210526316,Permutation
0.39473684210526316,Permutation
0.694078947368421,Permutation
0.5657894736842105,Permutation
0.5427631578947368,Permutation
0.5789473684210528,Permutation
0.6842105263157895,Permutation
0.3092105263157895,Permutation
0.37500000000000006,Permutation
0.48026315789473684,Permutation
0.6513157894736842,Permutation
0.4835526315789474,Permutation
0.5822368421052632,Permutation
0.506578947368421,Permutation
0.3026315789473685,Permutation
0.5394736842105263,Permutation
0.6282894736842105,Permutation
0.5,Permutation
0.4901315789473685,Permutation
0.6644736842105263,Permutation
0.5789473684210527,Permutation
0.38815789473684215,Permutation
0.45723684210526316,Permutation
0.6118421052631579,Permutation
0.5822368421052632,Permutation
0.3486842105263158,Permutation
0.4769736842105263,Permutation
0.5230263157894737,Permutation
0.5164473684210527,Permutation
0.4901315789473684,Permutation
0.4901315789473685,Permutation
0.5592105263157895,Permutation
0.46381578947368424,Permutation
0.3651315789473684,Permutation
0.625,Permutation
0.5592105263157895,Permutation
0.5460526315789473,Permutation
0.4572368421052633,Permutation
0.5953947368421053,Permutation
0.3815789473684211,Permutation
0.5,Permutation
0.4638157894736842,Permutation
0.4210526315789474,Permutation
0.5230263157894737,Permutation
0.3519736842105263,Permutation
0.6677631578947368,Permutation
0.7171052631578947,Permutation
0.26315789473684215,Permutation
0.5230263157894737,Permutation
0.33881578947368424,Permutation
0.5526315789473684,Permutation
0.5,Permutation
0.3486842105263158,Permutation
0.46710526315789475,Permutation
0.5394736842105263,Permutation
0.4901315789473685,Permutation
0.38486842105263164,Permutation
0.6644736842105263,Permutation
0.5427631578947368,Permutation
0.4111842105263158,Permutation
0.4835526315789474,Permutation
0.5986842105263158,Permutation
0.39144736842105265,Permutation
0.3848684210526316,Permutation
0.39473684210526316,Permutation
0.6644736842105263,Permutation
0.5723684210526316,Permutation
0.4375,Permutation
0.5164473684210527,Permutation
0.375,Permutation
0.47368421052631576,Permutation
0.5328947368421053,Permutation
0.42105263157894735,Permutation
0.5164473684210527,Permutation
0.5953947368421053,Permutation
0.40789473684210525,Permutation
0.6973684210526316,Permutation
0.4144736842105263,Permutation
0.6315789473684211,Permutation
0.513157894736842,Permutation
0.5592105263157895,Permutation
0.44078947368421056,Permutation
0.3914473684210526,Permutation
0.6480263157894737,Permutation
0.6414473684210527,Permutation
0.5328947368421053,Permutation
0.6282894736842106,Permutation
0.513157894736842,Permutation
0.5789473684210527,Permutation
0.39144736842105265,Permutation
0.5164473684210527,Permutation
0.4671052631578947,Permutation
0.5526315789473685,Permutation
0.6776315789473685,Permutation
0.36184210526315796,Permutation
0.4276315789473684,Permutation
0.6776315789473685,Permutation
0.493421052631579,Permutation
0.5690789473684211,Permutation
0.4901315789473685,Permutation
0.6480263157894737,Permutation
0.674342105263158,Permutation
0.5657894736842106,Permutation
0.5953947368421052,Permutation
0.5427631578947368,Permutation
0.39144736842105265,Permutation
0.4309210526315789,Permutation
0.5098684210526316,Permutation
0.430921052631579,Permutation
0.368421052631579,Permutation
0.5855263157894737,Permutation
0.5559210526315789,Permutation
0.5131578947368421,Permutation
0.6546052631578947,Permutation
0.6546052631578948,Permutation
0.5361842105263158,Permutation
0.39144736842105265,Permutation
0.25328947368421056,Permutation
0.32565789473684215,Permutation
0.6611842105263158,Permutation
0.38486842105263164,Permutation
0.430921052631579,Permutation
0.3717105263157895,Permutation
0.6052631578947368,Permutation
0.3980263157894737,Permutation
0.48355263157894735,Permutation
0.5197368421052632,Permutation
0.3519736842105264,Permutation
0.375,Permutation
0.5921052631578948,Permutation
0.37500000000000006,Permutation
0.4243421052631579,Permutation
0.4210526315789474,Permutation
0.5296052631578947,Permutation
0.4243421052631579,Permutation
0.618421052631579,Permutation
0.3782894736842105,Permutation
0.5822368421052632,Permutation
0.16776315789473686,Permutation
0.5164473684210527,Permutation
0.6875000000000001,Permutation
0.5953947368421053,Permutation
0.493421052631579,Permutation
0.4605263157894737,Permutation
0.4868421052631579,Permutation
0.5361842105263158,Permutation
0.2960526315789474,Permutation
0.45394736842105265,Permutation
0.6151315789473685,Permutation
0.45723684210526316,Permutation
0.46052631578947373,Permutation
0.6414473684210527,Permutation
0.5131578947368421,Permutation
0.5855263157894738,Permutation
0.4671052631578948,Permutation
0.4671052631578948,Permutation
0.6875,Permutation
0.3815789473684211,Permutation
0.5296052631578948,Permutation
0.5032894736842105,Permutation
0.4539473684210527,Permutation
0.5690789473684211,Permutation
0.5328947368421053,Permutation
0.5263157894736842,Permutation
0.5855263157894737,Permutation
0.569078947368421,Permutation
0.5328947368421053,Permutation
0.549342105263158,Permutation
0.3519736842105263,Permutation
0.6151315789473685,Permutation
0.4703947368421052,Permutation
0.375,Permutation
0.42105263157894735,Permutation
0.3421052631578948,Permutation
0.4342105263157895,Permutation
0.5098684210526316,Permutation
0.4276315789473685,Permutation
0.44736842105263164,Permutation
0.4078947368421053,Permutation
0.21710526315789475,Permutation
0.39473684210526316,Permutation
0.5493421052631579,Permutation
0.6414473684210527,Permutation
0.3026315789473685,Permutation
0.493421052631579,Permutation
0.6381578947368421,Permutation
0.37171052631578944,Permutation
0.5986842105263158,Permutation
0.4276315789473685,Permutation
0.569078947368421,Permutation
0.3223684210526316,Permutation
0.5098684210526316,Permutation
0.6480263157894737,Permutation
0.5723684210526316,Permutation
0.4671052631578948,Permutation
0.5296052631578948,Permutation
0.569078947368421,Permutation
0.5953947368421053,Permutation
0.4144736842105263,Permutation
0.6842105263157895,Permutation
0.5394736842105263,Permutation
0.5625,Permutation
0.5526315789473684,Permutation
0.48026315789473684,Permutation
0.5296052631578947,Permutation
0.5,Permutation
0.4868421052631579,Permutation
0.33881578947368424,Permutation
0.3618421052631579,Permutation
0.29605263157894735,Permutation
0.32236842105263164,Permutation
0.506578947368421,Permutation
0.6842105263157894,Permutation
0.45394736842105265,Permutation
0.4605263157894737,Permutation
0.40789473684210525,Permutation
0.3651315789473685,Permutation
0.2894736842105263,Permutation
0.5625000000000001,Permutation
0.6842105263157895,Permutation
0.5855263157894737,Permutation
0.3914473684210527,Permutation
0.48355263157894735,Permutation
0.4638157894736843,Permutation
0.45394736842105265,Permutation
0.618421052631579,Permutation
0.549342105263158,Permutation
0.5197368421052633,Permutation
0.5263157894736843,Permutation
0.4210526315789474,Permutation
0.32236842105263164,Permutation
0.35526315789473684,Permutation
0.4539473684210526,Permutation
0.46710526315789475,Permutation
0.569078947368421,Permutation
0.6875,Permutation
0.4243421052631579,Permutation
0.5657894736842106,Permutation
0.44736842105263164,Permutation
0.5592105263157894,Permutation
0.24342105263157895,Permutation
0.48355263157894735,Permutation
0.493421052631579,Permutation
0.4342105263157895,Permutation
0.6019736842105263,Permutation
0.6085526315789473,Permutation
0.4671052631578947,Permutation
0.5230263157894737,Permutation
0.549342105263158,Permutation
0.6118421052631579,Permutation
0.5756578947368421,Permutation
0.618421052631579,Permutation
0.4769736842105263,Permutation
0.7006578947368421,Permutation
0.4210526315789474,Permutation
0.444078947368421,Permutation
0.6282894736842105,Permutation
0.555921052631579,Permutation
0.7598684210526316,Permutation
0.4144736842105263,Permutation
0.4835526315789474,Permutation
0.493421052631579,Permutation
0.6052631578947368,Permutation
0.513157894736842,Permutation
0.4144736842105263,Permutation
0.5986842105263157,Permutation
0.5427631578947368,Permutation
0.3618421052631579,Permutation
0.6414473684210527,Permutation
0.5953947368421053,Permutation
0.6019736842105263,Permutation
0.5888157894736842,Permutation
0.3486842105263158,Permutation
0.4736842105263158,Permutation
0.39473684210526316,Permutation
0.45394736842105265,Permutation
0.5460526315789473,Permutation
0.46710526315789475,Permutation
0.611842105263158,Permutation
0.4473684210526315,Permutation
0.319078947368421,Permutation
0.6644736842105263,Permutation
0.7006578947368421,Permutation
0.5526315789473685,Permutation
0.5921052631578948,Permutation
0.2335526315789474,Permutation
0.6348684210526315,Permutation
0.5625,Permutation
0.555921052631579,Permutation
0.5197368421052632,Permutation
0.555921052631579,Permutation
0.5592105263157895,Permutation
0.4868421052631579,Permutation
0.2828947368421053,Permutation
0.4210526315789474,Permutation
0.26644736842105265,Permutation
0.4144736842105263,Permutation
0.674342105263158,Permutation
0.5296052631578947,Permutation
0.48684210526315796,Permutation
0.4046052631578948,Permutation
0.6842105263157895,Permutation
0.5328947368421053,Permutation
0.5,Permutation
0.5098684210526316,Permutation
0.5296052631578947,Permutation
0.32565789473684215,Permutation
0.611842105263158,Permutation
0.575657894736842,Permutation
0.6644736842105263,Permutation
0.5230263157894737,Permutation
0.4440789473684211,Permutation
0.7532894736842105,Permutation
0.48684210526315785,Permutation
0.9177631578947368,Permutation
0.549342105263158,Permutation
0.4144736842105263,Permutation
0.3651315789473685,Permutation
0.4046052631578948,Permutation
0.6940789473684211,Permutation
0.6052631578947368,Permutation
0.37500000000000006,Permutation
0.6052631578947368,Permutation
0.6315789473684211,Permutation
0.4144736842105263,Permutation
0.4506578947368421,Permutation
0.6480263157894737,Permutation
0.39144736842105265,Permutation
0.5361842105263158,Permutation
0.5986842105263158,Permutation
0.555921052631579,Permutation
0.5361842105263158,Permutation
0.7434210526315789,Permutation
0.4276315789473685,Permutation
0.5592105263157895,Permutation
0.6776315789473684,Permutation
0.3223684210526316,Permutation
0.45723684210526316,Permutation
0.6480263157894737,Permutation
0.5921052631578947,Permutation
0.493421052631579,Permutation
0.5098684210526316,Permutation
0.569078947368421,Permutation
0.5657894736842105,Permutation
0.6151315789473685,Permutation
0.44736842105263164,Permutation
0.6348684210526316,Permutation
0.4901315789473685,Permutation
0.5855263157894737,Permutation
0.5921052631578947,Permutation
0.24342105263157898,Permutation
0.3651315789473685,Permutation
0.5296052631578947,Permutation
0.575657894736842,Permutation
0.4769736842105263,Permutation
0.5888157894736842,Permutation
0.5394736842105263,Permutation
0.4407894736842105,Permutation
0.638157894736842,Permutation
0.7532894736842106,Permutation
0.569078947368421,Permutation
0.611842105263158,Permutation
0.7138157894736842,Permutation
0.6217105263157895,Permutation
0.4210526315789474,Permutation
0.6578947368421052,Permutation
0.3815789473684211,Permutation
0.5230263157894737,Permutation
0.4210526315789474,Permutation
0.4769736842105263,Permutation
0.6151315789473684,Permutation
0.4243421052631579,Permutation
0.5625,Permutation
0.5263157894736842,Permutation
0.43421052631578955,Permutation
0.45394736842105265,Permutation
0.4276315789473685,Permutation
0.6019736842105263,Permutation
0.3256578947368421,Permutation
0.42105263157894735,Permutation
0.7138157894736842,Permutation
0.4440789473684211,Permutation
0.5361842105263158,Permutation
0.2894736842105263,Permutation
0.48026315789473684,Permutation
0.4407894736842106,Permutation
0.75,Permutation
0.4144736842105263,Permutation
0.611842105263158,Permutation
0.5427631578947368,Permutation
0.3092105263157895,Permutation
0.6546052631578947,Permutation
0.5296052631578947,Permutation
0.4243421052631579,Permutation
0.575657894736842,Permutation
0.6217105263157895,Permutation
0.6052631578947368,Permutation
0.5263157894736843,Permutation
0.5855263157894738,Permutation
0.5361842105263158,Permutation
0.5230263157894737,Permutation
0.3092105263157895,Permutation
0.7960526315789472,Permutation
0.3486842105263158,Permutation
0.555921052631579,Permutation
0.5592105263157895,Permutation
0.32565789473684215,Permutation
0.3881578947368421,Permutation
0.4967105263157895,Permutation
0.4342105263157895,Permutation
0.48026315789473684,Permutation
0.368421052631579,Permutation
0.7105263157894737,Permutation
0.4013157894736842,Permutation
0.48355263157894746,Permutation
0.3585526315789474,Permutation
0.375,Permutation
0.2861842105263158,Permutation
0.4638157894736842,Permutation
0.4407894736842105,Permutation
0.506578947368421,Permutation
0.3552631578947369,Permutation
0.5098684210526316,Permutation
0.5460526315789475,Permutation
0.5690789473684211,Permutation
0.39144736842105265,Permutation
0.7039473684210527,Permutation
0.3092105263157895,Permutation
0.6480263157894737,Permutation
0.5986842105263158,Permutation
0.5,Permutation
0.3684210526315789,Permutation
0.3815789473684211,Permutation
0.506578947368421,Permutation
0.5953947368421053,Permutation
0.506578947368421,Permutation
0.5263157894736843,Permutation
0.5953947368421053,Permutation
0.4144736842105263,Permutation
0.4342105263157895,Permutation
0.3453947368421053,Permutation
0.569078947368421,Permutation
0.5263157894736842,Permutation
0.6513157894736843,Permutation
0.5657894736842105,Permutation
0.625,Permutation
0.45394736842105265,Permutation
0.5131578947368421,Permutation
0.33223684210526316,Permutation
0.5526315789473685,Permutation
0.631578947368421,Permutation
0.5888157894736842,Permutation
0.6052631578947368,Permutation
0.549342105263158,Permutation
0.7203947368421053,Permutation
0.4243421052631579,Permutation
0.46710526315789475,Permutation
0.5230263157894738,Permutation
0.6118421052631579,Permutation
0.5098684210526316,Permutation
0.5822368421052632,Permutation
0.2664473684210526,Permutation
0.4572368421052632,Permutation
0.4605263157894737,Permutation
0.5822368421052632,Permutation
0.4967105263157895,Permutation
0.4967105263157895,Permutation
0.4276315789473684,Permutation
0.5789473684210527,Permutation
0.3486842105263158,Permutation
0.6019736842105263,Permutation
0.24013157894736847,Permutation
0.3190789473684211,Permutation
0.5065789473684211,Permutation
0.4243421052631579,Permutation
0.5,Permutation
0.39144736842105265,Permutation
0.5263157894736843,Permutation
0.305921052631579,Permutation
0.6381578947368421,Permutation
0.46381578947368424,Permutation
0.5756578947368421,Permutation
0.5164473684210527,Permutation
0.4046052631578948,Permutation
0.5921052631578947,Permutation
0.5328947368421053,Permutation
0.6447368421052632,Permutation
0.38815789473684215,Permutation
0.4967105263157895,Permutation
0.4342105263157895,Permutation
0.4407894736842105,Permutation
0.5986842105263158,Permutation
0.5592105263157895,Permutation
0.5328947368421053,Permutation
0.4177631578947369,Permutation
0.6414473684210527,Permutation
0.4967105263157895,Permutation
0.7039473684210527,Permutation
0.5098684210526316,Permutation
0.5888157894736842,Permutation
0.31907894736842113,Permutation
0.6611842105263158,Permutation
0.5328947368421052,Permutation
0.6776315789473685,Permutation
0.3782894736842106,Permutation
0.4769736842105263,Permutation
0.4769736842105263,Permutation
0.5855263157894737,Permutation
0.555921052631579,Permutation
0.44736842105263164,Permutation
0.5164473684210527,Permutation
0.4473684210526316,Permutation
0.5953947368421053,Permutation
0.5328947368421053,Permutation
0.5888157894736843,Permutation
0.493421052631579,Permutation
0.24013157894736842,Permutation
0.618421052631579,Permutation
0.3815789473684211,Permutation
0.35855263157894735,Permutation
0.5230263157894737,Permutation
0.6217105263157895,Permutation
0.4638157894736842,Permutation
0.549342105263158,Permutation
0.5328947368421053,Permutation
0.8190789473684211,Permutation
0.45394736842105265,Permutation
0.45394736842105265,Permutation
0.5263157894736842,Permutation
0.5230263157894738,Permutation
0.4210526315789474,Permutation
0.5855263157894737,Permutation
0.3125,Permutation
0.38815789473684215,Permutation
0.4243421052631579,Permutation
0.4638157894736843,Permutation
0.674342105263158,Permutation
0.3585526315789474,Permutation
0.4736842105263159,Permutation
0.32565789473684215,Permutation
0.45065789473684215,Permutation
0.7171052631578948,Permutation
0.625,Permutation
0.33223684210526316,Permutation
0.631578947368421,Permutation
0.4144736842105263,Permutation
0.3651315789473685,Permutation
0.5460526315789473,Permutation
0.4967105263157895,Permutation
0.5197368421052632,Permutation
0.5263157894736843,Permutation
0.506578947368421,Permutation
0.5493421052631579,Permutation
0.5789473684210525,Permutation
0.625,Permutation
0.5098684210526316,Permutation
0.5,Permutation
0.5296052631578947,Permutation
0.555921052631579,Permutation
0.42105263157894735,Permutation
0.3782894736842105,Permutation
0.368421052631579,Permutation
0.4967105263157895,Permutation
0.4407894736842105,Permutation
0.3190789473684211,Permutation
0.6282894736842105,Permutation
0.4177631578947369,Permutation
0.555921052631579,Permutation
0.5723684210526315,Permutation
0.3848684210526316,Permutation
0.4835526315789474,Permutation
0.5789473684210527,Permutation
0.5921052631578948,Permutation
0.39144736842105265,Permutation
0.5328947368421053,Permutation
0.3848684210526316,Permutation
0.4967105263157895,Permutation
0.3618421052631579,Permutation
0.5460526315789473,Permutation
0.37828947368421056,Permutation
0.4769736842105263,Permutation
0.6447368421052632,Permutation
0.4901315789473685,Permutation
0.6217105263157895,Permutation
0.5822368421052632,Permutation
0.4078947368421053,Permutation
0.6644736842105263,Permutation
0.46381578947368424,Permutation
0.375,Permutation
0.39473684210526316,Permutation
0.5394736842105263,Permutation
0.38486842105263164,Permutation
0.430921052631579,Permutation
0.32236842105263164,Permutation
0.513157894736842,Permutation
0.368421052631579,Permutation
0.3486842105263158,Permutation
0.493421052631579,Permutation
0.37828947368421056,Permutation
0.4934210526315789,Permutation
0.3486842105263158,Permutation
0.3815789473684211,Permutation
0.4736842105263158,Permutation
0.513157894736842,Permutation
0.45723684210526316,Permutation
0.549342105263158,Permutation
0.5098684210526316,Permutation
0.6019736842105263,Permutation
0.5460526315789473,Permutation
0.430921052631579,Permutation
0.39473684210526316,Permutation
0.5032894736842105,Permutation
0.6052631578947368,Permutation
0.4243421052631579,Permutation
0.2828947368421053,Permutation
0.6217105263157896,Permutation
0.5592105263157895,Permutation
0.493421052631579,Permutation
0.5296052631578948,Permutation
0.4342105263157895,Permutation
0.3125,Permutation
0.5230263157894737,Permutation
0.6611842105263158,Permutation
0.5098684210526316,Permutation
0.736842105263158,Permutation
0.46710526315789475,Permutation
0.4111842105263158,Permutation
0.5526315789473684,Permutation
0.611842105263158,Permutation
0.2763157894736842,Permutation
0.5032894736842105,Permutation
0.5921052631578947,Permutation
0.5032894736842106,Permutation
0.41776315789473684,Permutation
0.5296052631578947,Permutation
0.5723684210526316,Permutation
0.41118421052631576,Permutation
0.5197368421052632,Permutation
0.4144736842105263,Permutation
0.5888157894736843,Permutation
0.569078947368421,Permutation
0.35526315789473684,Permutation
0.3782894736842105,Permutation
0.549342105263158,Permutation
0.5,Permutation
0.4013157894736842,Permutation
0.2927631578947369,Permutation
0.5592105263157895,Permutation
0.5263157894736842,Permutation
0.5822368421052632,Permutation
0.4671052631578947,Permutation
0.5361842105263157,Permutation
0.44407894736842113,Permutation
0.3651315789473685,Permutation
0.6019736842105263,Permutation
0.6611842105263159,Permutation
0.39473684210526316,Permutation
0.5986842105263158,Permutation
0.5526315789473685,Permutation
0.4407894736842105,Permutation
0.5197368421052633,Permutation
0.46710526315789475,Permutation
0.6282894736842105,Permutation
0.4210526315789474,Permutation
0.39802631578947373,Permutation
0.5032894736842106,Permutation
0.5427631578947368,Permutation
0.4605263157894737,Permutation
0.4144736842105263,Permutation
0.5197368421052632,Permutation
0.5756578947368421,Permutation
0.5986842105263157,Permutation
0.4177631578947369,Permutation
0.3223684210526316,Permutation
0.6414473684210527,Permutation
0.28289473684210525,Permutation
0.5953947368421053,Permutation
0.569078947368421,Permutation
0.5328947368421053,Permutation
0.4309210526315789,Permutation
0.4144736842105263,Permutation
0.4144736842105263,Permutation
0.5789473684210527,Permutation
0.45394736842105265,Permutation
0.5328947368421053,Permutation
0.3388157894736843,Permutation
0.549342105263158,Permutation
0.6250000000000001,Permutation
0.5,Permutation
0.5328947368421053,Permutation
0.4342105263157895,Permutation
0.6151315789473685,Permutation
0.31578947368421056,Permutation
0.368421052631579,Permutation
0.5328947368421053,Permutation
0.4243421052631579,Permutation
0.618421052631579,Permutation
0.5723684210526316,Permutation
0.4769736842105264,Permutation
0.5098684210526316,Permutation
0.3618421052631579,Permutation
0.4473684210526316,Permutation
0.29605263157894735,Permutation
0.5789473684210527,Permutation
0.3618421052631579,Permutation
0.4967105263157895,Permutation
0.5328947368421053,Permutation
0.549342105263158,Permutation
0.5394736842105263,Permutation
0.4342105263157895,Permutation
0.4473684210526316,Permutation
0.493421052631579,Permutation
0.5986842105263158,Permutation
0.3815789473684211,Permutation
0.4802631578947369,Permutation
0.6743421052631577,Permutation
0.34868421052631576,Permutation
0.4736842105263158,Permutation
0.32236842105263164,Permutation
0.4605263157894738,Permutation
0.430921052631579,Permutation
0.3980263157894737,Permutation
0.5526315789473685,Permutation
0.6381578947368421,Permutation
0.49671052631578944,Permutation
0.4605263157894737,Permutation
0.6677631578947368,Permutation
0.5164473684210527,Permutation
0.33552631578947373,Permutation
0.5427631578947368,Permutation
0.4210526315789474,Permutation
0.29605263157894735,Permutation
0.5427631578947368,Permutation
0.33223684210526316,Permutation
0.42434210526315785,Permutation
0.48026315789473684,Permutation
0.48355263157894735,Permutation
0.5164473684210527,Permutation
0.611842105263158,Permutation
0.4078947368421053,Permutation
0.4473684210526316,Permutation
0.5230263157894737,Permutation
0.6085526315789473,Permutation
0.7236842105263158,Permutation
0.5592105263157895,Permutation
0.549342105263158,Permutation
0.5131578947368421,Permutation
0.4342105263157895,Permutation
0.625,Permutation
0.4605263157894737,Permutation
0.2828947368421053,Permutation
0.638157894736842,Permutation
0.2532894736842105,Permutation
0.42105263157894735,Permutation
0.4967105263157895,Permutation
0.5986842105263158,Permutation
0.45723684210526316,Permutation
0.5394736842105263,Permutation
0.4572368421052632,Permutation
0.33223684210526316,Permutation
0.3848684210526315,Permutation
0.4473684210526316,Permutation
0.39144736842105265,Permutation
0.5427631578947368,Permutation
0.46052631578947373,Permutation
0.4111842105263158,Permutation
0.3486842105263158,Permutation
0.5855263157894738,Permutation
0.36184210526315785,Permutation
0.5000000000000001,Permutation
0.40460526315789475,Permutation
0.34539473684210525,Permutation
0.49671052631578955,Permutation
0.5592105263157895,Permutation
0.368421052631579,Permutation
0.5789473684210527,Permutation
0.674342105263158,Permutation
0.493421052631579,Permutation
0.33881578947368424,Permutation
0.4868421052631579,Permutation
0.6611842105263158,Permutation
0.506578947368421,Permutation
0.5625,Permutation
0.5361842105263157,Permutation
0.638157894736842,Permutation
0.555921052631579,Permutation
0.34210526315789475,Permutation
0.6513157894736843,Permutation
0.4638157894736842,Permutation
0.6381578947368423,Permutation
0.5427631578947368,Permutation
0.549342105263158,Permutation
0.5230263157894737,Permutation
0.44407894736842113,Permutation
0.5690789473684211,Permutation
0.3190789473684211,Permutation
0.5657894736842105,Permutation
0.43750000000000006,Permutation
0.47368421052631576,Permutation
0.5427631578947368,Permutation
0.4572368421052632,Permutation
0.5296052631578948,Permutation
0.5032894736842105,Permutation
0.5,Permutation
0.4638157894736843,Permutation
0.5032894736842105,Permutation
0.48026315789473684,Permutation
0.6907894736842105,Permutation
0.45065789473684215,Permutation
0.5888157894736842,Permutation
0.5756578947368421,Permutation
0.5789473684210527,Permutation
0.3815789473684211,Permutation
0.5756578947368421,Permutation
0.3717105263157895,Permutation
0.6480263157894738,Permutation
0.4572368421052632,Permutation
0.3519736842105263,Permutation
0.41447368421052627,Permutation
0.6513157894736842,Permutation
0.6677631578947368,Permutation
0.5394736842105263,Permutation
0.6052631578947368,Permutation
0.4901315789473684,Permutation
0.4144736842105263,Permutation
0.542763157894737,Permutation
0.5953947368421053,Permutation
0.549342105263158,Permutation
0.46710526315789475,Permutation
0.6315789473684211,Permutation
0.5625,Permutation
0.4407894736842105,Permutation
0.4342105263157895,Permutation
0.6546052631578947,Permutation
0.4342105263157895,Permutation
0.3355263157894737,Permutation
0.5657894736842105,Permutation
0.5690789473684211,Permutation
0.3486842105263158,Permutation
0.4243421052631579,Permutation
0.7236842105263158,Permutation
0.3717105263157895,Permutation
0.37828947368421056,Permutation
0.45723684210526316,Permutation
0.46381578947368424,Permutation
0.5197368421052632,Permutation
0.4375,Permutation
0.5822368421052632,Permutation
0.4539473684210527,Permutation
0.4703947368421053,Permutation
0.48026315789473684,Permutation
0.39473684210526316,Permutation
0.618421052631579,Permutation
0.549342105263158,Permutation
0.618421052631579,Permutation
0.5263157894736843,Permutation
0.7302631578947368,Permutation
0.4078947368421053,Permutation
0.674342105263158,Permutation
0.3355263157894737,Permutation
0.5921052631578948,Permutation
0.5263157894736843,Permutation
0.41776315789473684,Permutation
0.5296052631578948,Permutation
0.5131578947368421,Permutation
0.5328947368421052,Permutation
0.6644736842105263,Permutation
0.7171052631578948,Permutation
0.42105263157894746,Permutation
0.680921052631579,Permutation
0.5296052631578948,Permutation
0.4342105263157895,Permutation
0.2828947368421053,Permutation
0.46052631578947373,Permutation
0.3486842105263158,Permutation
0.5263157894736843,Permutation
0.45394736842105265,Permutation
0.4144736842105263,Permutation
0.44736842105263164,Permutation
0.6085526315789473,Permutation
0.555921052631579,Permutation
0.506578947368421,Permutation
0.5756578947368421,Permutation
0.39144736842105265,Permutation
0.430921052631579,Permutation
0.3486842105263158,Permutation
0.5098684210526316,Permutation
0.6677631578947368,Permutation
0.5197368421052632,Permutation
0.3026315789473685,Permutation
0.5953947368421053,Permutation
0.444078947368421,Permutation
0.6546052631578947,Permutation
0.6052631578947368,Permutation
0.5592105263157895,Permutation
0.7105263157894737,Permutation
0.555921052631579,Permutation
0.5032894736842106,Permutation
0.6447368421052632,Permutation
0.5361842105263158,Permutation
0.3026315789473684,Permutation
0.3717105263157895,Permutation
0.35855263157894735,Permutation
0.3289473684210526,Permutation
0.47697368421052627,Permutation
0.5690789473684211,Permutation
0.4276315789473684,Permutation
0.29276315789473684,Permutation
0.5789473684210527,Permutation
0.4407894736842105,Permutation
0.14802631578947367,Permutation
0.5427631578947368,Permutation
0.5197368421052632,Permutation
0.44407894736842113,Permutation
0.32565789473684215,Permutation
0.5164473684210527,Permutation
0.32894736842105265,Permutation
0.2993421052631579,Permutation
0.381578947368421,Permutation
0.4769736842105264,Permutation
0.5032894736842106,Permutation
0.5822368421052632,Permutation
0.6151315789473685,Permutation
0.569078947368421,Permutation
0.5394736842105263,Permutation
0.5394736842105263,Permutation
0.7730263157894737,Permutation
0.6019736842105263,Permutation
0.28289473684210525,Permutation
0.6052631578947368,Permutation
0.46052631578947373,Permutation
0.5230263157894737,Permutation
0.25986842105263164,Permutation
0.4835526315789474,Permutation
0.4901315789473684,Permutation
0.4605263157894737,Permutation
0.5361842105263158,Permutation
0.5526315789473685,Permutation
0.7335526315789473,Permutation
0.4901315789473684,Permutation
0.5164473684210527,Permutation
0.24013157894736842,Permutation
0.36184210526315796,Permutation
0.4342105263157895,Permutation
0.4835526315789474,Permutation
0.48026315789473684,Permutation
0.4375,Permutation
0.44407894736842113,Permutation
0.3223684210526316,Permutation
0.4342105263157895,Permutation
0.5953947368421052,Permutation
0.4868421052631579,Permutation
0.5197368421052632,Permutation
0.6875,Permutation
0.5723684210526315,Permutation
0.625,Permutation
0.4046052631578948,Permutation
0.39473684210526316,Permutation
0.6578947368421053,Permutation
0.48026315789473684,Permutation
0.5460526315789475,Permutation
0.5328947368421053,Permutation
0.4868421052631579,Permutation
0.4276315789473684,Permutation
0.43750000000000006,Permutation
0.493421052631579,Permutation
0.24013157894736842,Permutation
0.5263157894736842,Permutation
0.542763157894737,Permutation
0.680921052631579,Permutation
0.4144736842105264,Permutation
0.4769736842105263,Permutation
0.43750000000000006,Permutation
0.6019736842105263,Permutation
0.5986842105263158,Permutation
0.4605263157894737,Permutation
0.430921052631579,Permutation
0.4078947368421053,Permutation
0.4375,Permutation
0.48684210526315785,Permutation
0.6546052631578947,Permutation
0.6842105263157895,Permutation
0.5361842105263158,Permutation
0.5,Permutation
0.5098684210526315,Permutation
0.4605263157894737,Permutation
0.4769736842105263,Permutation
0.3914473684210527,Permutation
0.5427631578947368,Permutation
0.4901315789473684,Permutation
0.5855263157894737,Permutation
0.5855263157894737,Permutation
0.5328947368421053,Permutation
0.39802631578947373,Permutation
0.506578947368421,Permutation
0.3717105263157895,Permutation
0.45723684210526316,Permutation
0.6480263157894737,Permutation
0.4276315789473684,Permutation
0.4276315789473685,Permutation
0.444078947368421,Permutation
0.32894736842105265,Permutation
0.45394736842105265,Permutation
0.4342105263157895,Permutation
0.5328947368421053,Permutation
0.7302631578947368,Permutation
0.5131578947368421,Permutation
0.4835526315789474,Permutation
0.5361842105263158,Permutation
0.33881578947368424,Permutation
0.45394736842105265,Permutation
0.4868421052631579,Permutation
0.47039473684210525,Permutation
0.44407894736842113,Permutation
0.4802631578947369,Permutation
0.3717105263157895,Permutation
0.4144736842105263,Permutation
0.4934210526315789,Permutation
0.6414473684210527,Permutation
0.631578947368421,Permutation
0.6019736842105263,Permutation
0.5164473684210527,Permutation
0.6973684210526317,Permutation
0.4671052631578948,Permutation
0.5592105263157896,Permutation
0.6480263157894737,Permutation
0.5460526315789473,Permutation
0.4473684210526316,Permutation
0.45394736842105265,Permutation
0.736842105263158,Permutation
0.5526315789473684,Permutation
0.5526315789473684,Permutation
0.5,Permutation
0.6940789473684211,Permutation
0.3980263157894737,Permutation
0.47368421052631576,Permutation
0.48026315789473684,Permutation
0.4572368421052631,Permutation
0.4638157894736843,Permutation
0.3453947368421053,Permutation
0.4078947368421053,Permutation
0.25328947368421056,Permutation
0.6710526315789473,Permutation
0.6578947368421053,Permutation
0.5361842105263158,Permutation
0.45065789473684215,Permutation
0.5756578947368421,Permutation
0.5723684210526316,Permutation
0.26973684210526316,Permutation
0.4013157894736842,Permutation
0.368421052631579,Permutation
0.4671052631578948,Permutation
0.4177631578947369,Permutation
0.5394736842105263,Permutation
0.4901315789473685,Permutation
0.506578947368421,Permutation
0.569078947368421,Permutation
0.680921052631579,Permutation
0.5,Permutation
0.41776315789473684,Permutation
0.5263157894736843,Permutation
0.630718954248366,Permutation
0.5326797385620915,Permutation
0.565359477124183,Permutation
0.42156862745098034,Permutation
0.41503267973856206,Permutation
0.4281045751633987,Permutation
0.3267973856209151,Permutation
0.6568627450980392,Permutation
0.5849673202614378,Permutation
0.5261437908496732,Permutation
0.3954248366013072,Permutation
0.39869281045751637,Permutation
0.49673202614379086,Permutation
0.33333333333333337,Permutation
0.3856209150326797,Permutation
0.4248366013071896,Permutation
0.5718954248366013,Permutation
0.434640522875817,Permutation
0.4084967320261438,Permutation
0.5359477124183006,Permutation
0.6111111111111112,Permutation
0.4901960784313726,Permutation
0.45424836601307195,Permutation
0.565359477124183,Permutation
0.4673202614379085,Permutation
0.3986928104575163,Permutation
0.6568627450980392,Permutation
0.5718954248366013,Permutation
0.565359477124183,Permutation
0.434640522875817,Permutation
0.4281045751633987,Permutation
0.4084967320261438,Permutation
0.3431372549019608,Permutation
0.47058823529411764,Permutation
0.7712418300653595,Permutation
0.3431372549019608,Permutation
0.5686274509803921,Permutation
0.6013071895424836,Permutation
0.36928104575163395,Permutation
0.46405228758169936,Permutation
0.36928104575163395,Permutation
0.3071895424836601,Permutation
0.5915032679738562,Permutation
0.27450980392156865,Permutation
0.43790849673202614,Permutation
0.6699346405228759,Permutation
0.4019607843137255,Permutation
0.3790849673202614,Permutation
0.5686274509803921,Permutation
0.5980392156862745,Permutation
0.5555555555555556,Permutation
0.4477124183006536,Permutation
0.44771241830065356,Permutation
0.5261437908496731,Permutation
0.5424836601307189,Permutation
0.7287581699346405,Permutation
0.5522875816993464,Permutation
0.39542483660130723,Permutation
0.5588235294117647,Permutation
0.5718954248366013,Permutation
0.5065359477124183,Permutation
0.4901960784313726,Permutation
0.3137254901960784,Permutation
0.4934640522875817,Permutation
0.7091503267973857,Permutation
0.434640522875817,Permutation
0.5032679738562091,Permutation
0.39869281045751637,Permutation
0.3921568627450981,Permutation
0.6405228758169935,Permutation
0.6078431372549019,Permutation
0.5718954248366013,Permutation
0.5,Permutation
0.47058823529411764,Permutation
0.43137254901960786,Permutation
0.5261437908496732,Permutation
0.5228758169934641,Permutation
0.4183006535947712,Permutation
0.4411764705882353,Permutation
0.3986928104575163,Permutation
0.20915032679738563,Permutation
0.8137254901960784,Permutation
0.4673202614379085,Permutation
0.5326797385620915,Permutation
0.6372549019607843,Permutation
0.45424836601307195,Permutation
0.5784313725490196,Permutation
0.33333333333333337,Permutation
0.48692810457516345,Permutation
0.44771241830065356,Permutation
0.4183006535947712,Permutation
0.5947712418300654,Permutation
0.5555555555555556,Permutation
0.6339869281045752,Permutation
0.6045751633986928,Permutation
0.6535947712418301,Permutation
0.6503267973856209,Permutation
0.6437908496732025,Permutation
0.6666666666666667,Permutation
0.6862745098039216,Permutation
0.5032679738562091,Permutation
0.6339869281045751,Permutation
0.4607843137254902,Permutation
0.5849673202614378,Permutation
0.3790849673202614,Permutation
0.5392156862745098,Permutation
0.5326797385620915,Permutation
0.5522875816993464,Permutation
0.4509803921568627,Permutation
0.3529411764705882,Permutation
0.5457516339869282,Permutation
0.41830065359477125,Permutation
0.4019607843137255,Permutation
0.6209150326797385,Permutation
0.5130718954248366,Permutation
0.49346405228758167,Permutation
0.5359477124183006,Permutation
0.7124183006535948,Permutation
0.5588235294117647,Permutation
0.46732026143790856,Permutation
0.4509803921568627,Permutation
0.19934640522875818,Permutation
0.5261437908496732,Permutation
0.35294117647058826,Permutation
0.4411764705882353,Permutation
0.39869281045751637,Permutation
0.4084967320261438,Permutation
0.5,Permutation
0.38235294117647056,Permutation
0.5392156862745098,Permutation
0.3529411764705882,Permutation
0.630718954248366,Permutation
0.411764705882353,Permutation
0.48366013071895425,Permutation
0.5098039215686275,Permutation
0.48692810457516333,Permutation
0.5,Permutation
0.565359477124183,Permutation
0.6078431372549019,Permutation
0.5359477124183006,Permutation
0.5424836601307189,Permutation
0.369281045751634,Permutation
0.39869281045751637,Permutation
0.584967320261438,Permutation
0.4084967320261438,Permutation
0.6045751633986929,Permutation
0.4477124183006536,Permutation
0.29084967320261434,Permutation
0.542483660130719,Permutation
0.46405228758169936,Permutation
0.4117647058823529,Permutation
0.565359477124183,Permutation
0.5718954248366013,Permutation
0.4183006535947712,Permutation
0.6274509803921569,Permutation
0.6176470588235294,Permutation
0.2973856209150327,Permutation
0.5032679738562091,Permutation
0.6013071895424837,Permutation
0.36274509803921573,Permutation
0.5326797385620915,Permutation
0.5751633986928105,Permutation
0.3562091503267974,Permutation
0.38235294117647056,Permutation
0.48039215686274506,Permutation
0.41503267973856206,Permutation
0.5816993464052287,Permutation
0.6209150326797386,Permutation
0.4411764705882353,Permutation
0.37254901960784315,Permutation
0.46405228758169936,Permutation
0.3790849673202614,Permutation
0.3954248366013072,Permutation
0.5457516339869282,Permutation
0.6633986928104575,Permutation
0.4444444444444444,Permutation
0.5588235294117647,Permutation
0.38235294117647056,Permutation
0.6503267973856208,Permutation
0.34967320261437906,Permutation
0.4575163398692811,Permutation
0.48692810457516345,Permutation
0.6568627450980391,Permutation
0.5196078431372549,Permutation
0.369281045751634,Permutation
0.696078431372549,Permutation
0.40196078431372545,Permutation
0.5555555555555556,Permutation
0.5915032679738562,Permutation
0.4281045751633987,Permutation
0.6274509803921569,Permutation
0.5457516339869282,Permutation
0.5228758169934641,Permutation
0.7450980392156863,Permutation
0.45751633986928103,Permutation
0.5261437908496732,Permutation
0.630718954248366,Permutation
0.6470588235294118,Permutation
0.5261437908496732,Permutation
0.4117647058823529,Permutation
0.6176470588235294,Permutation
0.5980392156862745,Permutation
0.4281045751633987,Permutation
0.21568627450980393,Permutation
0.6013071895424837,Permutation
0.5784313725490197,Permutation
0.6666666666666666,Permutation
0.5326797385620915,Permutation
0.7156862745098039,Permutation
0.4738562091503268,Permutation
0.696078431372549,Permutation
0.6568627450980392,Permutation
0.4836601307189543,Permutation
0.5392156862745098,Permutation
0.7091503267973857,Permutation
0.5947712418300655,Permutation
0.36274509803921573,Permutation
0.5915032679738563,Permutation
0.3300653594771242,Permutation
0.7156862745098038,Permutation
0.4411764705882353,Permutation
0.41503267973856206,Permutation
0.47385620915032683,Permutation
0.47058823529411764,Permutation
0.35947712418300654,Permutation
0.6372549019607843,Permutation
0.46078431372549017,Permutation
0.4281045751633987,Permutation
0.6209150326797386,Permutation
0.45751633986928103,Permutation
0.5032679738562091,Permutation
0.48692810457516333,Permutation
0.46405228758169936,Permutation
0.3300653594771242,Permutation
0.5718954248366013,Permutation
0.4509803921568628,Permutation
0.4444444444444444,Permutation
0.40522875816993464,Permutation
0.6372549019607843,Permutation
0.6339869281045751,Permutation
0.7549019607843137,Permutation
0.5588235294117647,Permutation
0.5522875816993464,Permutation
0.4869281045751634,Permutation
0.3986928104575164,Permutation
0.43790849673202614,Permutation
0.5294117647058824,Permutation
0.39869281045751637,Permutation
0.45098039215686275,Permutation
0.6013071895424836,Permutation
0.4542483660130719,Permutation
0.5098039215686274,Permutation
0.5392156862745099,Permutation
0.6045751633986929,Permutation
0.7058823529411764,Permutation
0.3006535947712418,Permutation
0.4183006535947712,Permutation
0.5490196078431373,Permutation
0.5751633986928104,Permutation
0.6470588235294118,Permutation
0.29738562091503273,Permutation
0.4509803921568627,Permutation
0.607843137254902,Permutation
0.38888888888888895,Permutation
0.4673202614379085,Permutation
0.696078431372549,Permutation
0.7810457516339869,Permutation
0.522875816993464,Permutation
0.6666666666666666,Permutation
0.47385620915032683,Permutation
0.6568627450980392,Permutation
0.20261437908496738,Permutation
0.5620915032679739,Permutation
0.6437908496732027,Permutation
0.5424836601307189,Permutation
0.41503267973856206,Permutation
0.5424836601307189,Permutation
0.43137254901960786,Permutation
0.4509803921568628,Permutation
0.4183006535947712,Permutation
0.38235294117647056,Permutation
0.6176470588235294,Permutation
0.29411764705882354,Permutation
0.48366013071895425,Permutation
0.6372549019607843,Permutation
0.3954248366013072,Permutation
0.4444444444444444,Permutation
0.4444444444444444,Permutation
0.7287581699346406,Permutation
0.4477124183006536,Permutation
0.47385620915032683,Permutation
0.31699346405228757,Permutation
0.6895424836601307,Permutation
0.5261437908496732,Permutation
0.40522875816993464,Permutation
0.45751633986928103,Permutation
0.5947712418300654,Permutation
0.5032679738562091,Permutation
0.45424836601307195,Permutation
0.29084967320261434,Permutation
0.542483660130719,Permutation
0.41830065359477125,Permutation
0.5882352941176471,Permutation
0.45424836601307184,Permutation
0.41830065359477125,Permutation
0.6013071895424836,Permutation
0.48366013071895425,Permutation
0.5784313725490196,Permutation
0.4477124183006536,Permutation
0.3758169934640523,Permutation
0.4673202614379085,Permutation
0.4967320261437908,Permutation
0.5359477124183005,Permutation
0.4411764705882353,Permutation
0.4967320261437909,Permutation
0.43790849673202614,Permutation
0.48366013071895425,Permutation
0.2124183006535948,Permutation
0.4836601307189543,Permutation
0.6176470588235294,Permutation
0.611111111111111,Permutation
0.5359477124183006,Permutation
0.4803921568627451,Permutation
0.3627450980392157,Permutation
0.6568627450980392,Permutation
0.5228758169934641,Permutation
0.5849673202614379,Permutation
0.43790849673202614,Permutation
0.5588235294117647,Permutation
0.411764705882353,Permutation
0.5751633986928104,Permutation
0.4281045751633987,Permutation
0.5588235294117647,Permutation
0.4673202614379085,Permutation
0.47058823529411764,Permutation
0.4607843137254902,Permutation
0.41503267973856206,Permutation
0.5686274509803921,Permutation
0.6633986928104575,Permutation
0.6699346405228759,Permutation
0.6143790849673203,Permutation
0.5849673202614378,Permutation
0.39215686274509803,Permutation
0.6503267973856209,Permutation
0.5065359477124183,Permutation
0.6437908496732027,Permutation
0.6633986928104576,Permutation
0.41503267973856217,Permutation
0.46405228758169936,Permutation
0.565359477124183,Permutation
0.6830065359477124,Permutation
0.3235294117647059,Permutation
0.6437908496732027,Permutation
0.5522875816993464,Permutation
0.6013071895424836,Permutation
0.5032679738562091,Permutation
0.46405228758169936,Permutation
0.3921568627450981,Permutation
0.5849673202614379,Permutation
0.16666666666666669,Permutation
0.5751633986928104,Permutation
0.43137254901960786,Permutation
0.28104575163398693,Permutation
0.5163398692810458,Permutation
0.5359477124183007,Permutation
0.38562091503267976,Permutation
0.3594771241830066,Permutation
0.44771241830065356,Permutation
0.49673202614379086,Permutation
0.7516339869281046,Permutation
0.4836601307189542,Permutation
0.6045751633986929,Permutation
0.6176470588235294,Permutation
0.630718954248366,Permutation
0.5522875816993464,Permutation
0.4444444444444444,Permutation
0.3464052287581699,Permutation
0.40196078431372556,Permutation
0.5457516339869282,Permutation
0.4477124183006536,Permutation
0.4411764705882353,Permutation
0.5032679738562091,Permutation
0.6013071895424836,Permutation
0.6535947712418302,Permutation
0.4248366013071896,Permutation
0.7352941176470589,Permutation
0.48692810457516345,Permutation
0.7320261437908496,Permutation
0.6372549019607843,Permutation
0.7091503267973857,Permutation
0.4444444444444444,Permutation
0.6143790849673203,Permutation
0.5849673202614379,Permutation
0.4901960784313726,Permutation
0.4019607843137255,Permutation
0.4869281045751634,Permutation
0.5424836601307189,Permutation
0.4313725490196078,Permutation
0.7189542483660131,Permutation
0.36601307189542476,Permutation
0.3496732026143791,Permutation
0.5065359477124183,Permutation
0.4509803921568627,Permutation
0.6111111111111112,Permutation
0.4509803921568627,Permutation
0.5196078431372549,Permutation
0.35620915032679745,Permutation
0.5392156862745098,Permutation
0.4215686274509804,Permutation
0.4771241830065359,Permutation
0.6633986928104575,Permutation
0.5849673202614379,Permutation
0.47058823529411764,Permutation
0.5294117647058824,Permutation
0.31699346405228757,Permutation
0.5555555555555556,Permutation
0.5032679738562091,Permutation
0.5849673202614379,Permutation
0.47385620915032683,Permutation
0.6993464052287581,Permutation
0.47712418300653603,Permutation
0.5196078431372549,Permutation
0.4673202614379085,Permutation
0.5000000000000001,Permutation
0.5490196078431373,Permutation
0.5294117647058824,Permutation
0.6013071895424836,Permutation
0.43790849673202614,Permutation
0.6013071895424836,Permutation
0.3660130718954248,Permutation
0.5620915032679737,Permutation
0.5196078431372548,Permutation
0.5392156862745099,Permutation
0.32352941176470595,Permutation
0.46078431372549017,Permutation
0.44771241830065367,Permutation
0.46078431372549017,Permutation
0.5849673202614378,Permutation
0.5490196078431373,Permutation
0.5098039215686274,Permutation
0.5326797385620915,Permutation
0.6045751633986928,Permutation
0.4673202614379085,Permutation
0.4836601307189542,Permutation
0.4836601307189543,Permutation
0.6437908496732027,Permutation
0.5392156862745098,Permutation
0.4901960784313726,Permutation
0.5751633986928105,Permutation
0.5261437908496731,Permutation
0.522875816993464,Permutation
0.6274509803921569,Permutation
0.5751633986928104,Permutation
0.6372549019607844,Permutation
0.6339869281045751,Permutation
0.6176470588235294,Permutation
0.5555555555555556,Permutation
0.369281045751634,Permutation
0.5620915032679739,Permutation
0.5294117647058824,Permutation
0.4836601307189543,Permutation
0.5,Permutation
0.5620915032679739,Permutation
0.6111111111111112,Permutation
0.5915032679738562,Permutation
0.4869281045751634,Permutation
0.5751633986928104,Permutation
0.4607843137254902,Permutation
0.5228758169934641,Permutation
0.5751633986928104,Permutation
0.3267973856209151,Permutation
0.38235294117647056,Permutation
0.39869281045751637,Permutation
0.6666666666666667,Permutation
0.46405228758169936,Permutation
0.4019607843137255,Permutation
0.2614379084967321,Permutation
0.5588235294117647,Permutation
0.30065359477124187,Permutation
0.6699346405228759,Permutation
0.5784313725490197,Permutation
0.3627450980392157,Permutation
0.6372549019607843,Permutation
0.49673202614379086,Permutation
0.7875816993464052,Permutation
0.5424836601307189,Permutation
0.28431372549019607,Permutation
0.434640522875817,Permutation
0.6503267973856209,Permutation
0.2581699346405229,Permutation
0.3104575163398693,Permutation
0.4803921568627451,Permutation
0.4281045751633987,Permutation
0.6633986928104575,Permutation
0.4771241830065359,Permutation
0.5032679738562091,Permutation
0.6143790849673203,Permutation
0.6241830065359477,Permutation
0.6045751633986928,Permutation
0.6993464052287581,Permutation
