,markers,AUC,p_value,p_corrected,significant
0,wSMI_1_mean,0.5874999999999999,0.7622377622377622,0.9698029243483789,p > 0.05
1,wSMI_1_mean,0.525,0.7622377622377622,0.9698029243483789,p > 0.05
2,wSMI_1_mean,0.575,0.7622377622377622,0.9698029243483789,p > 0.05
3,wSMI_1_mean,0.3,0.7622377622377622,0.9698029243483789,p > 0.05
4,wSMI_1_mean,0.37777777777777777,0.7622377622377622,0.9698029243483789,p > 0.05
5,wSMI_1_mean,0.33333333333333337,0.7622377622377622,0.9698029243483789,p > 0.05
6,wSMI_1_mean,0.3333333333333333,0.7622377622377622,0.9698029243483789,p > 0.05
7,wSMI_1_mean,0.3194444444444445,0.7622377622377622,0.9698029243483789,p > 0.05
8,wSMI_1_mean,0.7361111111111112,0.7622377622377622,0.9698029243483789,p > 0.05
9,wSMI_1_mean,0.41666666666666663,0.7622377622377622,0.9698029243483789,p > 0.05
10,wSMI_1_std,0.4625,0.012987012987012988,0.7012987012987014,p < 0.05 uncorrected
11,wSMI_1_std,0.5375,0.012987012987012988,0.7012987012987014,p < 0.05 uncorrected
12,wSMI_1_std,0.95,0.012987012987012988,0.7012987012987014,p < 0.05 uncorrected
13,wSMI_1_std,0.6874999999999999,0.012987012987012988,0.7012987012987014,p < 0.05 uncorrected
14,wSMI_1_std,0.8,0.012987012987012988,0.7012987012987014,p < 0.05 uncorrected
15,wSMI_1_std,0.9222222222222223,0.012987012987012988,0.7012987012987014,p < 0.05 uncorrected
16,wSMI_1_std,0.3,0.012987012987012988,0.7012987012987014,p < 0.05 uncorrected
17,wSMI_1_std,0.5555555555555556,0.012987012987012988,0.7012987012987014,p < 0.05 uncorrected
18,wSMI_1_std,0.4861111111111111,0.012987012987012988,0.7012987012987014,p < 0.05 uncorrected
19,wSMI_1_std,0.7777777777777778,0.012987012987012988,0.7012987012987014,p < 0.05 uncorrected
20,wSMI_2_mean,0.5,0.15284715284715283,0.8262264051737735,p > 0.05
21,wSMI_2_mean,0.7749999999999999,0.15284715284715283,0.8262264051737735,p > 0.05
22,wSMI_2_mean,0.5,0.15284715284715283,0.8262264051737735,p > 0.05
23,wSMI_2_mean,0.42500000000000004,0.15284715284715283,0.8262264051737735,p > 0.05
24,wSMI_2_mean,0.5444444444444444,0.15284715284715283,0.8262264051737735,p > 0.05
25,wSMI_2_mean,0.4666666666666667,0.15284715284715283,0.8262264051737735,p > 0.05
26,wSMI_2_mean,0.5777777777777778,0.15284715284715283,0.8262264051737735,p > 0.05
27,wSMI_2_mean,0.3055555555555555,0.15284715284715283,0.8262264051737735,p > 0.05
28,wSMI_2_mean,0.8194444444444445,0.15284715284715283,0.8262264051737735,p > 0.05
29,wSMI_2_mean,0.7777777777777777,0.15284715284715283,0.8262264051737735,p > 0.05
30,wSMI_2_std,0.3,0.955044955044955,0.9832431719224172,p > 0.05
31,wSMI_2_std,0.4625,0.955044955044955,0.9832431719224172,p > 0.05
32,wSMI_2_std,0.45,0.955044955044955,0.9832431719224172,p > 0.05
33,wSMI_2_std,0.48750000000000004,0.955044955044955,0.9832431719224172,p > 0.05
34,wSMI_2_std,0.2555555555555556,0.955044955044955,0.9832431719224172,p > 0.05
35,wSMI_2_std,0.3555555555555555,0.955044955044955,0.9832431719224172,p > 0.05
36,wSMI_2_std,0.1111111111111111,0.955044955044955,0.9832431719224172,p > 0.05
37,wSMI_2_std,0.6111111111111112,0.955044955044955,0.9832431719224172,p > 0.05
38,wSMI_2_std,0.36111111111111116,0.955044955044955,0.9832431719224172,p > 0.05
39,wSMI_2_std,0.4722222222222222,0.955044955044955,0.9832431719224172,p > 0.05
40,wSMI_4_mean,0.525,0.45754245754245754,0.9250749250749251,p > 0.05
41,wSMI_4_mean,0.6125,0.45754245754245754,0.9250749250749251,p > 0.05
42,wSMI_4_mean,0.35000000000000003,0.45754245754245754,0.9250749250749251,p > 0.05
43,wSMI_4_mean,0.4375,0.45754245754245754,0.9250749250749251,p > 0.05
44,wSMI_4_mean,0.6777777777777778,0.45754245754245754,0.9250749250749251,p > 0.05
45,wSMI_4_mean,0.4444444444444444,0.45754245754245754,0.9250749250749251,p > 0.05
46,wSMI_4_mean,0.6111111111111112,0.45754245754245754,0.9250749250749251,p > 0.05
47,wSMI_4_mean,0.4583333333333333,0.45754245754245754,0.9250749250749251,p > 0.05
48,wSMI_4_mean,0.4861111111111111,0.45754245754245754,0.9250749250749251,p > 0.05
49,wSMI_4_mean,0.5000000000000001,0.45754245754245754,0.9250749250749251,p > 0.05
50,wSMI_4_std,0.4625,0.5054945054945055,0.9268912905276542,p > 0.05
51,wSMI_4_std,0.16249999999999998,0.5054945054945055,0.9268912905276542,p > 0.05
52,wSMI_4_std,0.375,0.5054945054945055,0.9268912905276542,p > 0.05
53,wSMI_4_std,0.5,0.5054945054945055,0.9268912905276542,p > 0.05
54,wSMI_4_std,0.5333333333333334,0.5054945054945055,0.9268912905276542,p > 0.05
55,wSMI_4_std,0.2888888888888889,0.5054945054945055,0.9268912905276542,p > 0.05
56,wSMI_4_std,0.5666666666666667,0.5054945054945055,0.9268912905276542,p > 0.05
57,wSMI_4_std,0.8888888888888888,0.5054945054945055,0.9268912905276542,p > 0.05
58,wSMI_4_std,0.8333333333333334,0.5054945054945055,0.9268912905276542,p > 0.05
59,wSMI_4_std,0.3888888888888889,0.5054945054945055,0.9268912905276542,p > 0.05
60,wSMI_8_mean,0.45000000000000007,0.24375624375624375,0.8262264051737735,p > 0.05
61,wSMI_8_mean,0.2,0.24375624375624375,0.8262264051737735,p > 0.05
62,wSMI_8_mean,0.45000000000000007,0.24375624375624375,0.8262264051737735,p > 0.05
63,wSMI_8_mean,0.5625,0.24375624375624375,0.8262264051737735,p > 0.05
64,wSMI_8_mean,0.8888888888888888,0.24375624375624375,0.8262264051737735,p > 0.05
65,wSMI_8_mean,0.7777777777777778,0.24375624375624375,0.8262264051737735,p > 0.05
66,wSMI_8_mean,0.5555555555555556,0.24375624375624375,0.8262264051737735,p > 0.05
67,wSMI_8_mean,0.4305555555555555,0.24375624375624375,0.8262264051737735,p > 0.05
68,wSMI_8_mean,0.5555555555555556,0.24375624375624375,0.8262264051737735,p > 0.05
69,wSMI_8_mean,0.6527777777777778,0.24375624375624375,0.8262264051737735,p > 0.05
70,wSMI_8_std,0.475,0.6933066933066933,0.9682625067240451,p > 0.05
71,wSMI_8_std,0.4,0.6933066933066933,0.9682625067240451,p > 0.05
72,wSMI_8_std,0.55,0.6933066933066933,0.9682625067240451,p > 0.05
73,wSMI_8_std,0.22499999999999998,0.6933066933066933,0.9682625067240451,p > 0.05
74,wSMI_8_std,0.5777777777777778,0.6933066933066933,0.9682625067240451,p > 0.05
75,wSMI_8_std,0.3555555555555555,0.6933066933066933,0.9682625067240451,p > 0.05
76,wSMI_8_std,0.4666666666666667,0.6933066933066933,0.9682625067240451,p > 0.05
77,wSMI_8_std,0.7222222222222222,0.6933066933066933,0.9682625067240451,p > 0.05
78,wSMI_8_std,0.5694444444444445,0.6933066933066933,0.9682625067240451,p > 0.05
79,wSMI_8_std,0.33333333333333337,0.6933066933066933,0.9682625067240451,p > 0.05
80,p_e_1_mean,0.35000000000000003,0.916083916083916,0.979491097138156,p > 0.05
81,p_e_1_mean,0.3125,0.916083916083916,0.979491097138156,p > 0.05
82,p_e_1_mean,0.425,0.916083916083916,0.979491097138156,p > 0.05
83,p_e_1_mean,0.35,0.916083916083916,0.979491097138156,p > 0.05
84,p_e_1_mean,0.4666666666666666,0.916083916083916,0.979491097138156,p > 0.05
85,p_e_1_mean,0.34444444444444444,0.916083916083916,0.979491097138156,p > 0.05
86,p_e_1_mean,0.6000000000000001,0.916083916083916,0.979491097138156,p > 0.05
87,p_e_1_mean,0.5000000000000001,0.916083916083916,0.979491097138156,p > 0.05
88,p_e_1_mean,0.375,0.916083916083916,0.979491097138156,p > 0.05
89,p_e_1_mean,0.3055555555555556,0.916083916083916,0.979491097138156,p > 0.05
90,p_e_1_std,0.4,0.965034965034965,0.9832431719224172,p > 0.05
91,p_e_1_std,0.375,0.965034965034965,0.9832431719224172,p > 0.05
92,p_e_1_std,0.5375,0.965034965034965,0.9832431719224172,p > 0.05
93,p_e_1_std,0.30000000000000004,0.965034965034965,0.9832431719224172,p > 0.05
94,p_e_1_std,0.5888888888888889,0.965034965034965,0.9832431719224172,p > 0.05
95,p_e_1_std,0.044444444444444446,0.965034965034965,0.9832431719224172,p > 0.05
96,p_e_1_std,0.6000000000000001,0.965034965034965,0.9832431719224172,p > 0.05
97,p_e_1_std,0.06944444444444448,0.965034965034965,0.9832431719224172,p > 0.05
98,p_e_1_std,0.4722222222222222,0.965034965034965,0.9832431719224172,p > 0.05
99,p_e_1_std,0.3888888888888889,0.965034965034965,0.9832431719224172,p > 0.05
100,p_e_2_mean,0.6125,0.38161838161838163,0.8586413586413587,p > 0.05
101,p_e_2_mean,0.6000000000000001,0.38161838161838163,0.8586413586413587,p > 0.05
102,p_e_2_mean,0.6250000000000001,0.38161838161838163,0.8586413586413587,p > 0.05
103,p_e_2_mean,0.4,0.38161838161838163,0.8586413586413587,p > 0.05
104,p_e_2_mean,0.6111111111111112,0.38161838161838163,0.8586413586413587,p > 0.05
105,p_e_2_mean,0.3666666666666667,0.38161838161838163,0.8586413586413587,p > 0.05
106,p_e_2_mean,0.4777777777777778,0.38161838161838163,0.8586413586413587,p > 0.05
107,p_e_2_mean,0.6666666666666666,0.38161838161838163,0.8586413586413587,p > 0.05
108,p_e_2_mean,0.5277777777777778,0.38161838161838163,0.8586413586413587,p > 0.05
109,p_e_2_mean,0.33333333333333337,0.38161838161838163,0.8586413586413587,p > 0.05
110,p_e_2_std,0.3375,0.8681318681318682,0.9766483516483517,p > 0.05
111,p_e_2_std,0.4875,0.8681318681318682,0.9766483516483517,p > 0.05
112,p_e_2_std,0.44999999999999996,0.8681318681318682,0.9766483516483517,p > 0.05
113,p_e_2_std,0.425,0.8681318681318682,0.9766483516483517,p > 0.05
114,p_e_2_std,0.4444444444444444,0.8681318681318682,0.9766483516483517,p > 0.05
115,p_e_2_std,0.3555555555555555,0.8681318681318682,0.9766483516483517,p > 0.05
116,p_e_2_std,0.3333333333333333,0.8681318681318682,0.9766483516483517,p > 0.05
117,p_e_2_std,0.5416666666666666,0.8681318681318682,0.9766483516483517,p > 0.05
118,p_e_2_std,0.5833333333333334,0.8681318681318682,0.9766483516483517,p > 0.05
119,p_e_2_std,0.2777777777777778,0.8681318681318682,0.9766483516483517,p > 0.05
120,p_e_4_mean,0.3375,0.6403596403596403,0.9605394605394605,p > 0.05
121,p_e_4_mean,0.5625,0.6403596403596403,0.9605394605394605,p > 0.05
122,p_e_4_mean,0.47500000000000003,0.6403596403596403,0.9605394605394605,p > 0.05
123,p_e_4_mean,0.3375,0.6403596403596403,0.9605394605394605,p > 0.05
124,p_e_4_mean,0.45555555555555555,0.6403596403596403,0.9605394605394605,p > 0.05
125,p_e_4_mean,0.5111111111111111,0.6403596403596403,0.9605394605394605,p > 0.05
126,p_e_4_mean,0.4444444444444445,0.6403596403596403,0.9605394605394605,p > 0.05
127,p_e_4_mean,0.625,0.6403596403596403,0.9605394605394605,p > 0.05
128,p_e_4_mean,0.48611111111111116,0.6403596403596403,0.9605394605394605,p > 0.05
129,p_e_4_mean,0.513888888888889,0.6403596403596403,0.9605394605394605,p > 0.05
130,p_e_4_std,0.47500000000000003,0.4045954045954046,0.8739260739260739,p > 0.05
131,p_e_4_std,0.3,0.4045954045954046,0.8739260739260739,p > 0.05
132,p_e_4_std,0.7000000000000001,0.4045954045954046,0.8739260739260739,p > 0.05
133,p_e_4_std,0.25,0.4045954045954046,0.8739260739260739,p > 0.05
134,p_e_4_std,0.4,0.4045954045954046,0.8739260739260739,p > 0.05
135,p_e_4_std,0.8555555555555556,0.4045954045954046,0.8739260739260739,p > 0.05
136,p_e_4_std,0.2777777777777778,0.4045954045954046,0.8739260739260739,p > 0.05
137,p_e_4_std,0.7777777777777778,0.4045954045954046,0.8739260739260739,p > 0.05
138,p_e_4_std,0.625,0.4045954045954046,0.8739260739260739,p > 0.05
139,p_e_4_std,0.5,0.4045954045954046,0.8739260739260739,p > 0.05
140,p_e_8_mean,0.7625000000000001,0.07692307692307693,0.8262264051737735,p > 0.05
141,p_e_8_mean,0.65,0.07692307692307693,0.8262264051737735,p > 0.05
142,p_e_8_mean,0.8125,0.07692307692307693,0.8262264051737735,p > 0.05
143,p_e_8_mean,0.4625,0.07692307692307693,0.8262264051737735,p > 0.05
144,p_e_8_mean,0.6666666666666665,0.07692307692307693,0.8262264051737735,p > 0.05
145,p_e_8_mean,0.6444444444444444,0.07692307692307693,0.8262264051737735,p > 0.05
146,p_e_8_mean,0.6666666666666667,0.07692307692307693,0.8262264051737735,p > 0.05
147,p_e_8_mean,0.4861111111111111,0.07692307692307693,0.8262264051737735,p > 0.05
148,p_e_8_mean,0.5138888888888888,0.07692307692307693,0.8262264051737735,p > 0.05
149,p_e_8_mean,0.3611111111111111,0.07692307692307693,0.8262264051737735,p > 0.05
150,p_e_8_std,0.55,0.6683316683316683,0.9682625067240451,p > 0.05
151,p_e_8_std,0.18750000000000003,0.6683316683316683,0.9682625067240451,p > 0.05
152,p_e_8_std,0.525,0.6683316683316683,0.9682625067240451,p > 0.05
153,p_e_8_std,0.55,0.6683316683316683,0.9682625067240451,p > 0.05
154,p_e_8_std,0.5,0.6683316683316683,0.9682625067240451,p > 0.05
155,p_e_8_std,0.5666666666666667,0.6683316683316683,0.9682625067240451,p > 0.05
156,p_e_8_std,0.5555555555555556,0.6683316683316683,0.9682625067240451,p > 0.05
157,p_e_8_std,0.16666666666666666,0.6683316683316683,0.9682625067240451,p > 0.05
158,p_e_8_std,0.3611111111111111,0.6683316683316683,0.9682625067240451,p > 0.05
159,p_e_8_std,0.75,0.6683316683316683,0.9682625067240451,p > 0.05
160,k_mean,0.425,0.9110889110889111,0.979491097138156,p > 0.05
161,k_mean,0.6000000000000001,0.9110889110889111,0.979491097138156,p > 0.05
162,k_mean,0.35,0.9110889110889111,0.979491097138156,p > 0.05
163,k_mean,0.6249999999999999,0.9110889110889111,0.979491097138156,p > 0.05
164,k_mean,0.4666666666666667,0.9110889110889111,0.979491097138156,p > 0.05
165,k_mean,0.2444444444444445,0.9110889110889111,0.979491097138156,p > 0.05
166,k_mean,0.22222222222222224,0.9110889110889111,0.979491097138156,p > 0.05
167,k_mean,0.41666666666666663,0.9110889110889111,0.979491097138156,p > 0.05
168,k_mean,0.38888888888888895,0.9110889110889111,0.979491097138156,p > 0.05
169,k_mean,0.3333333333333333,0.9110889110889111,0.979491097138156,p > 0.05
170,k_std,0.775,0.12687312687312688,0.8262264051737735,p > 0.05
171,k_std,0.5,0.12687312687312688,0.8262264051737735,p > 0.05
172,k_std,0.6499999999999999,0.12687312687312688,0.8262264051737735,p > 0.05
173,k_std,0.8,0.12687312687312688,0.8262264051737735,p > 0.05
174,k_std,0.5222222222222223,0.12687312687312688,0.8262264051737735,p > 0.05
175,k_std,0.5333333333333334,0.12687312687312688,0.8262264051737735,p > 0.05
176,k_std,0.3555555555555555,0.12687312687312688,0.8262264051737735,p > 0.05
177,k_std,0.5,0.12687312687312688,0.8262264051737735,p > 0.05
178,k_std,0.5972222222222222,0.12687312687312688,0.8262264051737735,p > 0.05
179,k_std,0.5416666666666667,0.12687312687312688,0.8262264051737735,p > 0.05
180,se_mean,0.4,0.5664335664335665,0.9268912905276542,p > 0.05
181,se_mean,0.4,0.5664335664335665,0.9268912905276542,p > 0.05
182,se_mean,0.5,0.5664335664335665,0.9268912905276542,p > 0.05
183,se_mean,0.5125,0.5664335664335665,0.9268912905276542,p > 0.05
184,se_mean,0.42222222222222217,0.5664335664335665,0.9268912905276542,p > 0.05
185,se_mean,0.22222222222222224,0.5664335664335665,0.9268912905276542,p > 0.05
186,se_mean,0.7111111111111111,0.5664335664335665,0.9268912905276542,p > 0.05
187,se_mean,0.638888888888889,0.5664335664335665,0.9268912905276542,p > 0.05
188,se_mean,0.5555555555555556,0.5664335664335665,0.9268912905276542,p > 0.05
189,se_mean,0.5,0.5664335664335665,0.9268912905276542,p > 0.05
190,se_std,0.4375,0.22977022977022976,0.8262264051737735,p > 0.05
191,se_std,0.5625,0.22977022977022976,0.8262264051737735,p > 0.05
192,se_std,0.675,0.22977022977022976,0.8262264051737735,p > 0.05
193,se_std,0.5874999999999999,0.22977022977022976,0.8262264051737735,p > 0.05
194,se_std,0.5555555555555556,0.22977022977022976,0.8262264051737735,p > 0.05
195,se_std,0.5333333333333333,0.22977022977022976,0.8262264051737735,p > 0.05
196,se_std,0.16666666666666669,0.22977022977022976,0.8262264051737735,p > 0.05
197,se_std,0.888888888888889,0.22977022977022976,0.8262264051737735,p > 0.05
198,se_std,0.5138888888888888,0.22977022977022976,0.8262264051737735,p > 0.05
199,se_std,0.625,0.22977022977022976,0.8262264051737735,p > 0.05
200,msf_mean,0.625,0.37962037962037964,0.8586413586413587,p > 0.05
201,msf_mean,0.35,0.37962037962037964,0.8586413586413587,p > 0.05
202,msf_mean,0.8,0.37962037962037964,0.8586413586413587,p > 0.05
203,msf_mean,0.5249999999999999,0.37962037962037964,0.8586413586413587,p > 0.05
204,msf_mean,0.2888888888888889,0.37962037962037964,0.8586413586413587,p > 0.05
205,msf_mean,0.6222222222222222,0.37962037962037964,0.8586413586413587,p > 0.05
206,msf_mean,0.4444444444444445,0.37962037962037964,0.8586413586413587,p > 0.05
207,msf_mean,0.8055555555555556,0.37962037962037964,0.8586413586413587,p > 0.05
208,msf_mean,0.41666666666666663,0.37962037962037964,0.8586413586413587,p > 0.05
209,msf_mean,0.33333333333333337,0.37962037962037964,0.8586413586413587,p > 0.05
210,msf_std,0.4,0.7652347652347652,0.9698029243483789,p > 0.05
211,msf_std,0.4,0.7652347652347652,0.9698029243483789,p > 0.05
212,msf_std,0.475,0.7652347652347652,0.9698029243483789,p > 0.05
213,msf_std,0.625,0.7652347652347652,0.9698029243483789,p > 0.05
214,msf_std,0.33333333333333337,0.7652347652347652,0.9698029243483789,p > 0.05
215,msf_std,0.3333333333333333,0.7652347652347652,0.9698029243483789,p > 0.05
216,msf_std,0.6333333333333333,0.7652347652347652,0.9698029243483789,p > 0.05
217,msf_std,0.3333333333333333,0.7652347652347652,0.9698029243483789,p > 0.05
218,msf_std,0.4444444444444444,0.7652347652347652,0.9698029243483789,p > 0.05
219,msf_std,0.5555555555555556,0.7652347652347652,0.9698029243483789,p > 0.05
220,sef90_mean,0.65,0.6993006993006993,0.9682625067240451,p > 0.05
221,sef90_mean,0.3,0.6993006993006993,0.9682625067240451,p > 0.05
222,sef90_mean,0.44999999999999996,0.6993006993006993,0.9682625067240451,p > 0.05
223,sef90_mean,0.5,0.6993006993006993,0.9682625067240451,p > 0.05
224,sef90_mean,0.3777777777777778,0.6993006993006993,0.9682625067240451,p > 0.05
225,sef90_mean,0.4666666666666667,0.6993006993006993,0.9682625067240451,p > 0.05
226,sef90_mean,0.3555555555555555,0.6993006993006993,0.9682625067240451,p > 0.05
227,sef90_mean,0.3194444444444445,0.6993006993006993,0.9682625067240451,p > 0.05
228,sef90_mean,0.5972222222222223,0.6993006993006993,0.9682625067240451,p > 0.05
229,sef90_mean,0.5555555555555556,0.6993006993006993,0.9682625067240451,p > 0.05
230,sef90_std,0.7124999999999999,0.9250749250749251,0.979491097138156,p > 0.05
231,sef90_std,0.35000000000000003,0.9250749250749251,0.979491097138156,p > 0.05
232,sef90_std,0.4,0.9250749250749251,0.979491097138156,p > 0.05
233,sef90_std,0.275,0.9250749250749251,0.979491097138156,p > 0.05
234,sef90_std,0.6888888888888889,0.9250749250749251,0.979491097138156,p > 0.05
235,sef90_std,0.39999999999999997,0.9250749250749251,0.979491097138156,p > 0.05
236,sef90_std,0.33333333333333337,0.9250749250749251,0.979491097138156,p > 0.05
237,sef90_std,0.19444444444444445,0.9250749250749251,0.979491097138156,p > 0.05
238,sef90_std,0.4305555555555555,0.9250749250749251,0.979491097138156,p > 0.05
239,sef90_std,0.23611111111111113,0.9250749250749251,0.979491097138156,p > 0.05
240,sef95_mean,0.35000000000000003,0.987012987012987,0.987012987012987,p > 0.05
241,sef95_mean,0.4125,0.987012987012987,0.987012987012987,p > 0.05
242,sef95_mean,0.375,0.987012987012987,0.987012987012987,p > 0.05
243,sef95_mean,0.2625,0.987012987012987,0.987012987012987,p > 0.05
244,sef95_mean,0.3,0.987012987012987,0.987012987012987,p > 0.05
245,sef95_mean,0.4,0.987012987012987,0.987012987012987,p > 0.05
246,sef95_mean,0.5222222222222223,0.987012987012987,0.987012987012987,p > 0.05
247,sef95_mean,0.16666666666666666,0.987012987012987,0.987012987012987,p > 0.05
248,sef95_mean,0.3888888888888889,0.987012987012987,0.987012987012987,p > 0.05
249,sef95_mean,0.33333333333333337,0.987012987012987,0.987012987012987,p > 0.05
250,sef95_std,0.7,0.22977022977022976,0.8262264051737735,p > 0.05
251,sef95_std,0.9,0.22977022977022976,0.8262264051737735,p > 0.05
252,sef95_std,0.45000000000000007,0.22977022977022976,0.8262264051737735,p > 0.05
253,sef95_std,0.6625000000000001,0.22977022977022976,0.8262264051737735,p > 0.05
254,sef95_std,0.3222222222222222,0.22977022977022976,0.8262264051737735,p > 0.05
255,sef95_std,0.39999999999999997,0.22977022977022976,0.8262264051737735,p > 0.05
256,sef95_std,0.3555555555555555,0.22977022977022976,0.8262264051737735,p > 0.05
257,sef95_std,0.41666666666666674,0.22977022977022976,0.8262264051737735,p > 0.05
258,sef95_std,0.6527777777777778,0.22977022977022976,0.8262264051737735,p > 0.05
259,sef95_std,0.6944444444444444,0.22977022977022976,0.8262264051737735,p > 0.05
260,b_mean,0.75,0.2907092907092907,0.8262264051737735,p > 0.05
261,b_mean,0.3875,0.2907092907092907,0.8262264051737735,p > 0.05
262,b_mean,0.25,0.2907092907092907,0.8262264051737735,p > 0.05
263,b_mean,0.45,0.2907092907092907,0.8262264051737735,p > 0.05
264,b_mean,0.6666666666666667,0.2907092907092907,0.8262264051737735,p > 0.05
265,b_mean,0.5111111111111112,0.2907092907092907,0.8262264051737735,p > 0.05
266,b_mean,0.4888888888888889,0.2907092907092907,0.8262264051737735,p > 0.05
267,b_mean,0.5416666666666667,0.2907092907092907,0.8262264051737735,p > 0.05
268,b_mean,0.7916666666666667,0.2907092907092907,0.8262264051737735,p > 0.05
269,b_mean,0.5694444444444444,0.2907092907092907,0.8262264051737735,p > 0.05
270,b_std,0.7249999999999999,0.2707292707292707,0.8262264051737735,p > 0.05
271,b_std,0.42500000000000004,0.2707292707292707,0.8262264051737735,p > 0.05
272,b_std,0.22499999999999998,0.2707292707292707,0.8262264051737735,p > 0.05
273,b_std,0.5249999999999999,0.2707292707292707,0.8262264051737735,p > 0.05
274,b_std,0.7111111111111111,0.2707292707292707,0.8262264051737735,p > 0.05
275,b_std,0.4,0.2707292707292707,0.8262264051737735,p > 0.05
276,b_std,0.5444444444444445,0.2707292707292707,0.8262264051737735,p > 0.05
277,b_std,0.5833333333333334,0.2707292707292707,0.8262264051737735,p > 0.05
278,b_std,0.625,0.2707292707292707,0.8262264051737735,p > 0.05
279,b_std,0.6527777777777779,0.2707292707292707,0.8262264051737735,p > 0.05
280,b_n_mean,0.75,0.22777222777222778,0.8262264051737735,p > 0.05
281,b_n_mean,0.525,0.22777222777222778,0.8262264051737735,p > 0.05
282,b_n_mean,0.55,0.22777222777222778,0.8262264051737735,p > 0.05
283,b_n_mean,0.43750000000000006,0.22777222777222778,0.8262264051737735,p > 0.05
284,b_n_mean,0.4777777777777778,0.22777222777222778,0.8262264051737735,p > 0.05
285,b_n_mean,0.5111111111111111,0.22777222777222778,0.8262264051737735,p > 0.05
286,b_n_mean,0.32222222222222224,0.22777222777222778,0.8262264051737735,p > 0.05
287,b_n_mean,0.6666666666666666,0.22777222777222778,0.8262264051737735,p > 0.05
288,b_n_mean,0.6805555555555556,0.22777222777222778,0.8262264051737735,p > 0.05
289,b_n_mean,0.6111111111111112,0.22777222777222778,0.8262264051737735,p > 0.05
290,b_n_std,0.575,0.7792207792207793,0.9698029243483789,p > 0.05
291,b_n_std,0.6625000000000001,0.7792207792207793,0.9698029243483789,p > 0.05
292,b_n_std,0.2,0.7792207792207793,0.9698029243483789,p > 0.05
293,b_n_std,0.30000000000000004,0.7792207792207793,0.9698029243483789,p > 0.05
294,b_n_std,0.37777777777777777,0.7792207792207793,0.9698029243483789,p > 0.05
295,b_n_std,0.5,0.7792207792207793,0.9698029243483789,p > 0.05
296,b_n_std,0.37777777777777777,0.7792207792207793,0.9698029243483789,p > 0.05
297,b_n_std,0.4444444444444444,0.7792207792207793,0.9698029243483789,p > 0.05
298,b_n_std,0.4166666666666667,0.7792207792207793,0.9698029243483789,p > 0.05
299,b_n_std,0.5833333333333333,0.7792207792207793,0.9698029243483789,p > 0.05
300,g_mean,0.4625,0.5084915084915085,0.9268912905276542,p > 0.05
301,g_mean,0.5125000000000001,0.5084915084915085,0.9268912905276542,p > 0.05
302,g_mean,0.48750000000000004,0.5084915084915085,0.9268912905276542,p > 0.05
303,g_mean,0.15000000000000002,0.5084915084915085,0.9268912905276542,p > 0.05
304,g_mean,0.5333333333333333,0.5084915084915085,0.9268912905276542,p > 0.05
305,g_mean,0.6333333333333333,0.5084915084915085,0.9268912905276542,p > 0.05
306,g_mean,0.6000000000000001,0.5084915084915085,0.9268912905276542,p > 0.05
307,g_mean,0.6666666666666667,0.5084915084915085,0.9268912905276542,p > 0.05
308,g_mean,0.5,0.5084915084915085,0.9268912905276542,p > 0.05
309,g_mean,0.4444444444444444,0.5084915084915085,0.9268912905276542,p > 0.05
310,g_std,0.65,0.7632367632367633,0.9698029243483789,p > 0.05
311,g_std,0.4,0.7632367632367633,0.9698029243483789,p > 0.05
312,g_std,0.425,0.7632367632367633,0.9698029243483789,p > 0.05
313,g_std,0.35,0.7632367632367633,0.9698029243483789,p > 0.05
314,g_std,0.5111111111111112,0.7632367632367633,0.9698029243483789,p > 0.05
315,g_std,0.3333333333333333,0.7632367632367633,0.9698029243483789,p > 0.05
316,g_std,0.2777777777777778,0.7632367632367633,0.9698029243483789,p > 0.05
317,g_std,0.5833333333333334,0.7632367632367633,0.9698029243483789,p > 0.05
318,g_std,0.375,0.7632367632367633,0.9698029243483789,p > 0.05
319,g_std,0.625,0.7632367632367633,0.9698029243483789,p > 0.05
320,g_n_mean,0.7499999999999999,0.1958041958041958,0.8262264051737735,p > 0.05
321,g_n_mean,0.32500000000000007,0.1958041958041958,0.8262264051737735,p > 0.05
322,g_n_mean,0.475,0.1958041958041958,0.8262264051737735,p > 0.05
323,g_n_mean,0.7499999999999999,0.1958041958041958,0.8262264051737735,p > 0.05
324,g_n_mean,0.4666666666666667,0.1958041958041958,0.8262264051737735,p > 0.05
325,g_n_mean,0.7333333333333334,0.1958041958041958,0.8262264051737735,p > 0.05
326,g_n_mean,0.5444444444444445,0.1958041958041958,0.8262264051737735,p > 0.05
327,g_n_mean,0.4166666666666667,0.1958041958041958,0.8262264051737735,p > 0.05
328,g_n_mean,0.4861111111111111,0.1958041958041958,0.8262264051737735,p > 0.05
329,g_n_mean,0.6527777777777778,0.1958041958041958,0.8262264051737735,p > 0.05
330,g_n_std,0.12499999999999997,0.28471528471528473,0.8262264051737735,p > 0.05
331,g_n_std,0.55,0.28471528471528473,0.8262264051737735,p > 0.05
332,g_n_std,0.6875,0.28471528471528473,0.8262264051737735,p > 0.05
333,g_n_std,0.375,0.28471528471528473,0.8262264051737735,p > 0.05
334,g_n_std,0.8222222222222223,0.28471528471528473,0.8262264051737735,p > 0.05
335,g_n_std,0.5888888888888889,0.28471528471528473,0.8262264051737735,p > 0.05
336,g_n_std,0.7555555555555556,0.28471528471528473,0.8262264051737735,p > 0.05
337,g_n_std,0.6666666666666667,0.28471528471528473,0.8262264051737735,p > 0.05
338,g_n_std,0.4027777777777778,0.28471528471528473,0.8262264051737735,p > 0.05
339,g_n_std,0.4166666666666667,0.28471528471528473,0.8262264051737735,p > 0.05
340,t_mean,0.47500000000000003,0.35364635364635366,0.8586413586413587,p > 0.05
341,t_mean,0.825,0.35364635364635366,0.8586413586413587,p > 0.05
342,t_mean,0.3375,0.35364635364635366,0.8586413586413587,p > 0.05
343,t_mean,0.55,0.35364635364635366,0.8586413586413587,p > 0.05
344,t_mean,0.33333333333333337,0.35364635364635366,0.8586413586413587,p > 0.05
345,t_mean,0.5777777777777777,0.35364635364635366,0.8586413586413587,p > 0.05
346,t_mean,0.4222222222222223,0.35364635364635366,0.8586413586413587,p > 0.05
347,t_mean,0.4861111111111111,0.35364635364635366,0.8586413586413587,p > 0.05
348,t_mean,0.8055555555555556,0.35364635364635366,0.8586413586413587,p > 0.05
349,t_mean,0.4305555555555555,0.35364635364635366,0.8586413586413587,p > 0.05
350,t_std,0.6,0.37962037962037964,0.8586413586413587,p > 0.05
351,t_std,0.23750000000000002,0.37962037962037964,0.8586413586413587,p > 0.05
352,t_std,0.7000000000000001,0.37962037962037964,0.8586413586413587,p > 0.05
353,t_std,0.5499999999999999,0.37962037962037964,0.8586413586413587,p > 0.05
354,t_std,0.4111111111111111,0.37962037962037964,0.8586413586413587,p > 0.05
355,t_std,0.3555555555555555,0.37962037962037964,0.8586413586413587,p > 0.05
356,t_std,0.48888888888888893,0.37962037962037964,0.8586413586413587,p > 0.05
357,t_std,0.5555555555555556,0.37962037962037964,0.8586413586413587,p > 0.05
358,t_std,0.4722222222222222,0.37962037962037964,0.8586413586413587,p > 0.05
359,t_std,0.8333333333333333,0.37962037962037964,0.8586413586413587,p > 0.05
360,t_n_mean,0.775,0.26873126873126874,0.8262264051737735,p > 0.05
361,t_n_mean,0.3,0.26873126873126874,0.8262264051737735,p > 0.05
362,t_n_mean,0.3375,0.26873126873126874,0.8262264051737735,p > 0.05
363,t_n_mean,0.2,0.26873126873126874,0.8262264051737735,p > 0.05
364,t_n_mean,0.5111111111111111,0.26873126873126874,0.8262264051737735,p > 0.05
365,t_n_mean,0.8222222222222223,0.26873126873126874,0.8262264051737735,p > 0.05
366,t_n_mean,0.5333333333333333,0.26873126873126874,0.8262264051737735,p > 0.05
367,t_n_mean,0.7083333333333334,0.26873126873126874,0.8262264051737735,p > 0.05
368,t_n_mean,0.6111111111111112,0.26873126873126874,0.8262264051737735,p > 0.05
369,t_n_mean,0.6111111111111112,0.26873126873126874,0.8262264051737735,p > 0.05
370,t_n_std,0.525,0.8501498501498501,0.9766483516483517,p > 0.05
371,t_n_std,0.2,0.8501498501498501,0.9766483516483517,p > 0.05
372,t_n_std,0.275,0.8501498501498501,0.9766483516483517,p > 0.05
373,t_n_std,0.5750000000000001,0.8501498501498501,0.9766483516483517,p > 0.05
374,t_n_std,0.4111111111111111,0.8501498501498501,0.9766483516483517,p > 0.05
375,t_n_std,0.4888888888888889,0.8501498501498501,0.9766483516483517,p > 0.05
376,t_n_std,0.4444444444444445,0.8501498501498501,0.9766483516483517,p > 0.05
377,t_n_std,0.2222222222222222,0.8501498501498501,0.9766483516483517,p > 0.05
378,t_n_std,0.5694444444444445,0.8501498501498501,0.9766483516483517,p > 0.05
379,t_n_std,0.6111111111111112,0.8501498501498501,0.9766483516483517,p > 0.05
380,d_mean,0.3,0.25274725274725274,0.8262264051737735,p > 0.05
381,d_mean,0.6375,0.25274725274725274,0.8262264051737735,p > 0.05
382,d_mean,0.5875,0.25274725274725274,0.8262264051737735,p > 0.05
383,d_mean,0.575,0.25274725274725274,0.8262264051737735,p > 0.05
384,d_mean,0.6,0.25274725274725274,0.8262264051737735,p > 0.05
385,d_mean,0.4666666666666666,0.25274725274725274,0.8262264051737735,p > 0.05
386,d_mean,0.6555555555555556,0.25274725274725274,0.8262264051737735,p > 0.05
387,d_mean,0.4027777777777778,0.25274725274725274,0.8262264051737735,p > 0.05
388,d_mean,0.4444444444444445,0.25274725274725274,0.8262264051737735,p > 0.05
389,d_mean,0.8055555555555556,0.25274725274725274,0.8262264051737735,p > 0.05
390,d_std,0.6874999999999999,0.12487512487512488,0.8262264051737735,p > 0.05
391,d_std,0.55,0.12487512487512488,0.8262264051737735,p > 0.05
392,d_std,0.9750000000000001,0.12487512487512488,0.8262264051737735,p > 0.05
393,d_std,0.7375,0.12487512487512488,0.8262264051737735,p > 0.05
394,d_std,0.4444444444444444,0.12487512487512488,0.8262264051737735,p > 0.05
395,d_std,0.5333333333333334,0.12487512487512488,0.8262264051737735,p > 0.05
396,d_std,0.5222222222222223,0.12487512487512488,0.8262264051737735,p > 0.05
397,d_std,0.2777777777777778,0.12487512487512488,0.8262264051737735,p > 0.05
398,d_std,0.5277777777777778,0.12487512487512488,0.8262264051737735,p > 0.05
399,d_std,0.5694444444444444,0.12487512487512488,0.8262264051737735,p > 0.05
400,d_n_mean,0.6500000000000001,0.15984015984015984,0.8262264051737735,p > 0.05
401,d_n_mean,0.6625,0.15984015984015984,0.8262264051737735,p > 0.05
402,d_n_mean,0.7,0.15984015984015984,0.8262264051737735,p > 0.05
403,d_n_mean,0.6125,0.15984015984015984,0.8262264051737735,p > 0.05
404,d_n_mean,0.35555555555555557,0.15984015984015984,0.8262264051737735,p > 0.05
405,d_n_mean,0.44444444444444453,0.15984015984015984,0.8262264051737735,p > 0.05
406,d_n_mean,0.6222222222222222,0.15984015984015984,0.8262264051737735,p > 0.05
407,d_n_mean,0.7916666666666667,0.15984015984015984,0.8262264051737735,p > 0.05
408,d_n_mean,0.45833333333333337,0.15984015984015984,0.8262264051737735,p > 0.05
409,d_n_mean,0.41666666666666663,0.15984015984015984,0.8262264051737735,p > 0.05
410,d_n_std,0.45,0.2807192807192807,0.8262264051737735,p > 0.05
411,d_n_std,0.6875,0.2807192807192807,0.8262264051737735,p > 0.05
412,d_n_std,0.75,0.2807192807192807,0.8262264051737735,p > 0.05
413,d_n_std,0.5875,0.2807192807192807,0.8262264051737735,p > 0.05
414,d_n_std,0.3555555555555556,0.2807192807192807,0.8262264051737735,p > 0.05
415,d_n_std,0.47777777777777775,0.2807192807192807,0.8262264051737735,p > 0.05
416,d_n_std,0.3,0.2807192807192807,0.8262264051737735,p > 0.05
417,d_n_std,0.75,0.2807192807192807,0.8262264051737735,p > 0.05
418,d_n_std,0.5416666666666667,0.2807192807192807,0.8262264051737735,p > 0.05
419,d_n_std,0.5555555555555556,0.2807192807192807,0.8262264051737735,p > 0.05
420,a_n_mean,0.8500000000000001,0.5474525474525475,0.9268912905276542,p > 0.05
421,a_n_mean,0.375,0.5474525474525475,0.9268912905276542,p > 0.05
422,a_n_mean,0.475,0.5474525474525475,0.9268912905276542,p > 0.05
423,a_n_mean,0.775,0.5474525474525475,0.9268912905276542,p > 0.05
424,a_n_mean,0.4777777777777778,0.5474525474525475,0.9268912905276542,p > 0.05
425,a_n_mean,0.22222222222222224,0.5474525474525475,0.9268912905276542,p > 0.05
426,a_n_mean,0.4666666666666667,0.5474525474525475,0.9268912905276542,p > 0.05
427,a_n_mean,0.6111111111111112,0.5474525474525475,0.9268912905276542,p > 0.05
428,a_n_mean,0.3333333333333333,0.5474525474525475,0.9268912905276542,p > 0.05
429,a_n_mean,0.33333333333333337,0.5474525474525475,0.9268912905276542,p > 0.05
430,a_n_std,0.7,0.6023976023976024,0.929413443699158,p > 0.05
431,a_n_std,0.4,0.6023976023976024,0.929413443699158,p > 0.05
432,a_n_std,0.3375,0.6023976023976024,0.929413443699158,p > 0.05
433,a_n_std,0.28750000000000003,0.6023976023976024,0.929413443699158,p > 0.05
434,a_n_std,0.33333333333333337,0.6023976023976024,0.929413443699158,p > 0.05
435,a_n_std,0.2888888888888889,0.6023976023976024,0.929413443699158,p > 0.05
436,a_n_std,0.5,0.6023976023976024,0.929413443699158,p > 0.05
437,a_n_std,0.7777777777777778,0.6023976023976024,0.929413443699158,p > 0.05
438,a_n_std,0.5555555555555556,0.6023976023976024,0.929413443699158,p > 0.05
439,a_n_std,0.611111111111111,0.6023976023976024,0.929413443699158,p > 0.05
440,a_mean,0.55,0.7902097902097902,0.9698029243483789,p > 0.05
441,a_mean,0.2,0.7902097902097902,0.9698029243483789,p > 0.05
442,a_mean,0.4375,0.7902097902097902,0.9698029243483789,p > 0.05
443,a_mean,0.5,0.7902097902097902,0.9698029243483789,p > 0.05
444,a_mean,0.4444444444444444,0.7902097902097902,0.9698029243483789,p > 0.05
445,a_mean,0.2333333333333334,0.7902097902097902,0.9698029243483789,p > 0.05
446,a_mean,0.48888888888888893,0.7902097902097902,0.9698029243483789,p > 0.05
447,a_mean,0.7083333333333334,0.7902097902097902,0.9698029243483789,p > 0.05
448,a_mean,0.5277777777777778,0.7902097902097902,0.9698029243483789,p > 0.05
449,a_mean,0.33333333333333337,0.7902097902097902,0.9698029243483789,p > 0.05
450,a_std,0.8999999999999999,0.04395604395604396,0.8262264051737735,p < 0.05 uncorrected
451,a_std,0.55,0.04395604395604396,0.8262264051737735,p < 0.05 uncorrected
452,a_std,0.65,0.04395604395604396,0.8262264051737735,p < 0.05 uncorrected
453,a_std,0.49999999999999994,0.04395604395604396,0.8262264051737735,p < 0.05 uncorrected
454,a_std,0.5333333333333333,0.04395604395604396,0.8262264051737735,p < 0.05 uncorrected
455,a_std,0.7444444444444445,0.04395604395604396,0.8262264051737735,p < 0.05 uncorrected
456,a_std,0.6777777777777778,0.04395604395604396,0.8262264051737735,p < 0.05 uncorrected
457,a_std,0.6111111111111112,0.04395604395604396,0.8262264051737735,p < 0.05 uncorrected
458,a_std,0.5416666666666666,0.04395604395604396,0.8262264051737735,p < 0.05 uncorrected
459,a_std,0.5555555555555556,0.04395604395604396,0.8262264051737735,p < 0.05 uncorrected
460,CNV_mean,0.30000000000000004,0.5524475524475524,0.9268912905276542,p > 0.05
461,CNV_mean,0.5125,0.5524475524475524,0.9268912905276542,p > 0.05
462,CNV_mean,0.4625,0.5524475524475524,0.9268912905276542,p > 0.05
463,CNV_mean,0.4,0.5524475524475524,0.9268912905276542,p > 0.05
464,CNV_mean,0.6222222222222223,0.5524475524475524,0.9268912905276542,p > 0.05
465,CNV_mean,0.8111111111111111,0.5524475524475524,0.9268912905276542,p > 0.05
466,CNV_mean,0.5,0.5524475524475524,0.9268912905276542,p > 0.05
467,CNV_mean,0.5555555555555556,0.5524475524475524,0.9268912905276542,p > 0.05
468,CNV_mean,0.3611111111111111,0.5524475524475524,0.9268912905276542,p > 0.05
469,CNV_mean,0.41666666666666663,0.5524475524475524,0.9268912905276542,p > 0.05
470,CNV_std,0.525,0.5354645354645354,0.9268912905276542,p > 0.05
471,CNV_std,0.25,0.5354645354645354,0.9268912905276542,p > 0.05
472,CNV_std,0.6,0.5354645354645354,0.9268912905276542,p > 0.05
473,CNV_std,0.2,0.5354645354645354,0.9268912905276542,p > 0.05
474,CNV_std,0.3888888888888889,0.5354645354645354,0.9268912905276542,p > 0.05
475,CNV_std,0.6444444444444444,0.5354645354645354,0.9268912905276542,p > 0.05
476,CNV_std,0.8444444444444446,0.5354645354645354,0.9268912905276542,p > 0.05
477,CNV_std,0.5555555555555556,0.5354645354645354,0.9268912905276542,p > 0.05
478,CNV_std,0.5833333333333333,0.5354645354645354,0.9268912905276542,p > 0.05
479,CNV_std,0.3611111111111111,0.5354645354645354,0.9268912905276542,p > 0.05
480,P1_mean,0.575,0.07192807192807193,0.8262264051737735,p > 0.05
481,P1_mean,0.475,0.07192807192807193,0.8262264051737735,p > 0.05
482,P1_mean,0.95,0.07192807192807193,0.8262264051737735,p > 0.05
483,P1_mean,0.5125,0.07192807192807193,0.8262264051737735,p > 0.05
484,P1_mean,0.7333333333333334,0.07192807192807193,0.8262264051737735,p > 0.05
485,P1_mean,0.6000000000000001,0.07192807192807193,0.8262264051737735,p > 0.05
486,P1_mean,0.34444444444444444,0.07192807192807193,0.8262264051737735,p > 0.05
487,P1_mean,0.5555555555555556,0.07192807192807193,0.8262264051737735,p > 0.05
488,P1_mean,0.8333333333333333,0.07192807192807193,0.8262264051737735,p > 0.05
489,P1_mean,0.5,0.07192807192807193,0.8262264051737735,p > 0.05
490,P1_std,0.575,0.8451548451548452,0.9766483516483517,p > 0.05
491,P1_std,0.5375,0.8451548451548452,0.9766483516483517,p > 0.05
492,P1_std,0.55,0.8451548451548452,0.9766483516483517,p > 0.05
493,P1_std,0.425,0.8451548451548452,0.9766483516483517,p > 0.05
494,P1_std,0.5555555555555556,0.8451548451548452,0.9766483516483517,p > 0.05
495,P1_std,0.5222222222222223,0.8451548451548452,0.9766483516483517,p > 0.05
496,P1_std,0.48888888888888893,0.8451548451548452,0.9766483516483517,p > 0.05
497,P1_std,0.2222222222222222,0.8451548451548452,0.9766483516483517,p > 0.05
498,P1_std,0.26388888888888895,0.8451548451548452,0.9766483516483517,p > 0.05
499,P1_std,0.1111111111111111,0.8451548451548452,0.9766483516483517,p > 0.05
500,P3a_mean,0.6249999999999999,0.46253746253746253,0.9250749250749251,p > 0.05
501,P3a_mean,0.3125,0.46253746253746253,0.9250749250749251,p > 0.05
502,P3a_mean,0.5999999999999999,0.46253746253746253,0.9250749250749251,p > 0.05
503,P3a_mean,0.25,0.46253746253746253,0.9250749250749251,p > 0.05
504,P3a_mean,0.7333333333333334,0.46253746253746253,0.9250749250749251,p > 0.05
505,P3a_mean,0.3111111111111111,0.46253746253746253,0.9250749250749251,p > 0.05
506,P3a_mean,0.5222222222222223,0.46253746253746253,0.9250749250749251,p > 0.05
507,P3a_mean,0.5,0.46253746253746253,0.9250749250749251,p > 0.05
508,P3a_mean,0.8333333333333334,0.46253746253746253,0.9250749250749251,p > 0.05
509,P3a_mean,0.38888888888888884,0.46253746253746253,0.9250749250749251,p > 0.05
510,P3a_std,0.8,0.37362637362637363,0.8586413586413587,p > 0.05
511,P3a_std,0.45000000000000007,0.37362637362637363,0.8586413586413587,p > 0.05
512,P3a_std,0.7,0.37362637362637363,0.8586413586413587,p > 0.05
513,P3a_std,0.09999999999999998,0.37362637362637363,0.8586413586413587,p > 0.05
514,P3a_std,0.5777777777777778,0.37362637362637363,0.8586413586413587,p > 0.05
515,P3a_std,0.5555555555555556,0.37362637362637363,0.8586413586413587,p > 0.05
516,P3a_std,0.6444444444444446,0.37362637362637363,0.8586413586413587,p > 0.05
517,P3a_std,0.5138888888888888,0.37362637362637363,0.8586413586413587,p > 0.05
518,P3a_std,0.4444444444444444,0.37362637362637363,0.8586413586413587,p > 0.05
519,P3a_std,0.4444444444444444,0.37362637362637363,0.8586413586413587,p > 0.05
520,P3b_mean,0.55,0.5984015984015985,0.929413443699158,p > 0.05
521,P3b_mean,0.4,0.5984015984015985,0.929413443699158,p > 0.05
522,P3b_mean,0.5625,0.5984015984015985,0.929413443699158,p > 0.05
523,P3b_mean,0.5125,0.5984015984015985,0.929413443699158,p > 0.05
524,P3b_mean,0.33333333333333337,0.5984015984015985,0.929413443699158,p > 0.05
525,P3b_mean,0.5444444444444445,0.5984015984015985,0.929413443699158,p > 0.05
526,P3b_mean,0.5444444444444444,0.5984015984015985,0.929413443699158,p > 0.05
527,P3b_mean,0.5138888888888888,0.5984015984015985,0.929413443699158,p > 0.05
528,P3b_mean,0.4583333333333333,0.5984015984015985,0.929413443699158,p > 0.05
529,P3b_mean,0.4305555555555555,0.5984015984015985,0.929413443699158,p > 0.05
530,P3b_std,0.5,0.8621378621378621,0.9766483516483517,p > 0.05
531,P3b_std,0.35,0.8621378621378621,0.9766483516483517,p > 0.05
532,P3b_std,0.6,0.8621378621378621,0.9766483516483517,p > 0.05
533,P3b_std,0.75,0.8621378621378621,0.9766483516483517,p > 0.05
534,P3b_std,0.15555555555555559,0.8621378621378621,0.9766483516483517,p > 0.05
535,P3b_std,0.3888888888888889,0.8621378621378621,0.9766483516483517,p > 0.05
536,P3b_std,0.26666666666666666,0.8621378621378621,0.9766483516483517,p > 0.05
537,P3b_std,0.4444444444444445,0.8621378621378621,0.9766483516483517,p > 0.05
538,P3b_std,0.5694444444444444,0.8621378621378621,0.9766483516483517,p > 0.05
539,P3b_std,0.19444444444444445,0.8621378621378621,0.9766483516483517,p > 0.05
