,wSMI_1_mean,wSMI_1_std,wSMI_2_mean,wSMI_2_std,wSMI_4_mean,wSMI_4_std,wSMI_8_mean,wSMI_8_std,p_e_1_mean,p_e_1_std,p_e_2_mean,p_e_2_std,p_e_4_mean,p_e_4_std,p_e_8_mean,p_e_8_std,k_mean,k_std,se_mean,se_std,msf_mean,msf_std,sef90_mean,sef90_std,sef95_mean,sef95_std,b_mean,b_std,b_n_mean,b_n_std,g_mean,g_std,g_n_mean,g_n_std,t_mean,t_std,t_n_mean,t_n_std,d_mean,d_std,d_n_mean,d_n_std,a_n_mean,a_n_std,a_mean,a_std,CNV_mean,CNV_std,P1_mean,P1_std,P3a_mean,P3a_std,P3b_mean,P3b_std,participant,mind,segment,mind_numeric
0,0.0294549568471454,0.0005745928783633169,0.03251781110771085,0.0012122513934587926,0.0518276436247298,0.0003382961760597129,0.112216513513719,0.004122680734376982,0.7556082641360349,0.026938539715350648,0.8501475035170435,0.037195739414104645,0.9034828997203818,0.016387358547114324,0.9397162477131076,0.003569949546460324,0.7652628311258274,0.01002417518859216,0.8349758087138138,0.023722039300440236,7.117271423339844,0.9589250973198608,18.51797103881836,7.030094331617127,23.45561981201172,7.009189494755717,-103.38721525293985,0.3679457707402089,0.16054715278514706,0.10331476078529396,-110.54413717909623,0.5404231418626538,0.0347339919171796,0.021755739845338323,-101.89718390510714,6.065622227446713,0.21977118646387145,0.10538872292528341,-100.51793283198225,3.942973132188454,0.31696581572723637,0.011758889766458175,0.2679818531065653,0.031440667471807085,-101.16451272566346,4.100523451049115,-3.376689616223995,3.5429730682372025,-6.422399690987234e-07,1.230158571972373e-05,-4.47900956757565e-06,4.764443927642002e-06,1.1270135032748261e-06,1.0873887237043853e-05,25,sMW,0,1
1,0.0292276497246436,0.0008880544698951959,0.032992505303943494,0.001963159956319379,0.05446148484005586,0.0028039108762077485,0.11152389884428247,0.013541603362813502,0.7435360563919478,0.005170263646496009,0.8414368905667732,0.004774285219236994,0.8967998442538944,0.007128589159151385,0.9368509096306136,0.03368548421562605,0.7600372516556289,0.004168716282798687,0.838014025231324,0.025278285528550964,7.979075113932292,2.0620508145991603,17.251014709472656,2.548593040918969,23.430506388346355,3.27840570047771,-100.02082150393757,0.3553084417192362,0.1831088743244702,0.03783708433084917,-107.97227520128756,0.6583883424116963,0.0325828714614691,0.010711876338323418,-99.16221616566692,1.7482845036624992,0.21099568835840862,0.009308585802182356,-98.36985238510529,3.3970899830418353,0.28750127947929305,0.13472778758361878,0.28581128637635894,0.09762866534561135,-98.18558560043259,0.745616294139091,-9.0409061665567,7.189151154138341,-9.32940418255953e-07,5.314458439739551e-06,-5.705778719576689e-06,7.362505463606622e-06,-3.7333924493213323e-06,3.3205434848559513e-06,25,dMW,1,0
2,0.031502218543944666,0.0005409848460711274,0.031826913038940065,0.0002426517251828668,0.0560857937372726,0.0013219705516147235,0.108839994267859,0.0015357228691451205,0.8188473741442396,0.011035658187468258,0.9085130751701035,0.010892602448739745,0.9192386531604294,0.00940740007152986,0.9256158328022798,0.023676884433681784,0.7832850441501099,0.006099283500482516,0.8957398492200194,0.004638088091367885,11.121114095052084,1.711545809968643,30.412038167317707,1.1574971644518812,35.8282725016276,0.6759293003909683,-99.7217042203493,0.6579941536488665,0.2857607741254428,0.024629048073389705,-103.74284272665454,0.7918135858691826,0.12492590161085643,0.022544305663142864,-102.82960219486775,1.1922586161578235,0.15604669103290056,0.03725103246764947,-101.58947886942752,2.0034088689154235,0.22551124486738594,0.08759809135748259,0.20775538836341415,0.11926109670307689,-101.92468655409812,2.6544574117822815,0.6685391651477186,12.619133365328013,4.828482393120997e-06,1.5321567838756158e-06,-4.4172076067035656e-07,5.583318843418169e-06,2.5536964917238594e-06,2.4914133190006083e-06,4,sMW,2,1
3,0.03310680353799897,0.0014228219116620752,0.03218347471812374,0.0013456561189249317,0.05513576163448583,0.0015559506908336405,0.10714679292511503,0.003888198583617514,0.8403701600929789,0.0032256021379830583,0.9393679419948541,0.008225910988804775,0.9279088955644766,0.013877576769430359,0.9013575372385999,0.014108684631787069,0.7902179911699774,0.007646323295018673,0.8965915788038563,0.008827957494573602,12.126922607421875,1.230313424565457,34.65461730957031,1.281498066213374,39.38102722167969,0.2827704655742388,-100.86285968154796,2.111983918990866,0.21962380118605326,0.025833096059706493,-101.2334908602201,1.503716526117297,0.20991449942113735,0.03737318033743896,-101.46563970049975,1.3995460343985242,0.20805398657010407,0.04201778780248962,-100.60132265186375,3.418574914309378,0.26224091844136,0.0818530962969508,0.10016679438134524,0.024524890800646713,-104.82439430782136,1.52167823480957,18.556334510593665,4.740041317545925,5.061181965727389e-06,2.088840556587408e-06,1.687919449573459e-05,4.048753405354583e-06,8.817744782142679e-06,2.1636780725157353e-06,11,dMW,2,0
4,0.029018672380202365,0.001120987156174887,0.03281460094655211,0.0014166314361712723,0.05618538480481087,0.004058452339132598,0.11594167797426318,0.010295287096626847,0.7331313693287314,0.012720565913284009,0.8364832446478787,0.011977587398329045,0.8958354702663099,0.014208638548674468,0.9472564462898704,0.004407689269706098,0.7586230684326708,0.002630700188419983,0.8392591580169041,0.015683224953532558,7.8843434651692705,0.759715380849568,16.839981079101562,1.292308931569633,22.161165873209637,0.5145285793187508,-101.50176569659853,2.739493873984397,0.16668526169248507,0.0444713937584764,-110.52375208966775,1.2001319750970922,0.021566747101920202,0.0010616226898492703,-99.74598031480987,2.2153098296354403,0.2315724925450828,0.04741591884891911,-99.81859031698339,0.1687571323350212,0.25456265524737137,0.06776803999888183,0.3256128434131404,0.062408397164467735,-98.33116673449705,1.7195507917878405,11.4972835080488,5.809259723850775,-4.275333556237419e-06,4.8639127684110175e-06,-4.800508445754001e-06,4.543766795705412e-06,-2.0717752079196975e-06,5.831502091854645e-06,25,dMW,2,0
5,0.030012259936048568,0.0010270444341735942,0.0322136839734683,0.002448996585463223,0.04896393104163487,0.005562265019204194,0.10484490531081597,0.008340590032098286,0.7702302707506857,0.020281054065531164,0.8723514225326001,0.024468029728345646,0.9112701548589132,0.02020930683129916,0.9541412505503045,0.019104825352939996,0.777800772626931,0.008752410211343039,0.8759542693613925,0.013887108168205762,10.339101155598959,0.20312665951453032,25.079091389973957,4.354738453750578,30.598004659016926,3.931048578492199,-99.61994321310442,1.8215499479003203,0.2584633202528756,0.025690623796240646,-106.139008745846,0.6923555486419375,0.07456390016129827,0.03680937893333387,-102.10192154262533,3.056610098360925,0.16548112821190078,0.07607024311300976,-102.20877397320241,1.6539822066447378,0.18197755179377836,0.06756958735086607,0.3195140995801468,0.12181788462525847,-99.22445795398716,4.391040130804019,-1.3371523463157402,16.10799689199033,1.7462721092535018e-06,2.4311929804532343e-06,-3.9197592510964066e-06,2.9689951887133205e-06,-1.7335649721967094e-06,6.6246293935929776e-06,3,sMW,3,1
6,0.03734484405952287,0.0030627548660470696,0.03247354873069113,0.0007787502393835184,0.05388400067986663,0.0020259133537012483,0.10437771914463523,0.005064647074755422,0.8186353445030683,0.006158747741504293,0.8957876375867991,0.014356282363736338,0.906054743811751,0.012350661518788214,0.9142835330281894,0.008170424969721393,0.7753863134657832,0.0012345150502326054,0.8486955373252435,0.006573840090210118,7.1887969970703125,0.41760482525415754,21.29077911376953,2.827362895679578,27.70074208577474,2.611936953414577,-106.22966901613601,0.4318474826335459,0.16856216549188416,0.0303879447705311,-111.54821552060628,0.13056299851149844,0.06056991986699623,0.01801145089976376,-103.63734011801493,2.1603515786760914,0.31509961483743937,0.07459640703615814,-104.0269889650765,1.1382392806046224,0.27969372270691595,0.03153634285723347,0.17607457709676422,0.0659495457450728,-106.36231652056021,3.0251870375786263,4.428797892199163,3.0325698607631963,-1.7761848373415281e-06,2.0702216465266004e-06,1.8509777268752127e-06,4.248317009177195e-06,2.8833790893250888e-06,3.2335926546739723e-06,0,dMW,4,0
7,0.02943902597810745,0.002137257764894989,0.03163718169226615,0.002052808533285449,0.05054552256410865,0.016251499959992147,0.10985570341593565,0.01572021492254984,0.7483859905855876,0.006155231350770944,0.8560782160893047,0.011751519041688247,0.9057629572051151,0.004332521763353631,0.9767759807175327,0.007000569459783234,0.772350993377483,0.003365781450184098,0.859080888070742,0.013079253105917066,10.964393615722656,1.2502441142271605,23.21004867553711,4.103417171020643,28.49388122558594,3.680599986759359,-97.86109990342946,0.5116806055602579,0.24702047097735785,0.059947373729554866,-105.18892430329416,1.4977183693894396,0.062483739742308794,0.037385041132188795,-101.42805890911059,1.2105347633078996,0.11454895801051505,0.003208082914939535,-102.6398882318515,6.165795229207751,0.12388285523907934,0.09703654423647129,0.4520639760307388,0.003503953540211927,-95.0025206934027,1.7836705671025899,-8.011759629106486,10.253235730768171,2.1350348410977505e-06,4.46003775025146e-07,3.2389453733313823e-06,7.730604854222391e-08,2.8661608736434105e-06,6.315965243655457e-06,3,dMW,4,0
8,0.033099456906111796,0.0015007233779458862,0.0319464317510939,0.0010120180096005868,0.05902778266287247,0.0008459068785419003,0.11486499170739169,0.002680151438477138,0.7974829876208295,0.009196304735676671,0.877701250313021,0.010223967532547005,0.9128325560098592,0.01562751241403659,0.9341729791210248,0.017026105273464924,0.7750758830022071,0.00404266517318497,0.8572747780453916,0.0010760419300912662,7.592837015787761,0.4492001755345188,23.515065511067707,1.906920464458922,30.37420908610026,2.765792043100439,-100.49846791588244,1.4722639187979634,0.18548285779295207,0.058726499307699534,-105.27028441784104,0.8505088754720835,0.06891926755002173,0.013957041489335723,-100.82766821032344,1.304191694529418,0.18502165361147824,0.052362379860470806,-98.43626455616716,0.9566773927785319,0.32097494104031904,0.06521635480363076,0.2396012800052287,0.06753514529637737,-99.7969297457292,1.3854892450247858,28.69948758984391,18.55148070355015,-5.393150127607487e-07,3.4309185696465195e-06,-4.8262685570707734e-08,8.078844092285978e-06,3.285891428224526e-06,1.8299656235844303e-06,4,sMW,5,1
9,0.0307987834529881,0.0008266490497529195,0.034457213362309995,0.002612186923847556,0.055125376127127534,0.0013257422389641113,0.10806882474620787,0.004855377606013048,0.786746912371254,0.008165889525736207,0.8930786877785483,0.005332453422000331,0.9099965835707646,0.01674288461926306,0.9134734794040044,0.012449600164314423,0.770833333333333,0.0029924905114160415,0.8646930776731564,0.009689656393318535,8.441925048828125,0.5900369970622655,22.676785786946613,0.5744550741982213,28.868675231933594,0.4586935532837189,-105.31517250989812,1.1984572374720392,0.2414130662492098,0.042858886968559544,-112.23402078342978,0.4741828056725737,0.05403129698288756,0.008680410607176284,-106.00418736230024,1.4866466383935057,0.21865218428843494,0.05464941435724752,-105.25274607693372,0.7538122580763453,0.26850773698173297,0.044034464170862105,0.21739571549773454,0.025936723494374314,-106.05180351787554,0.18636932546895962,-1.7242637413972501,10.020792992327252,2.8906163891598702e-06,4.699705977515318e-06,1.971519809755445e-06,2.495200334669961e-06,2.5949499459637957e-06,1.267820268075555e-06,16,dMW,5,0
10,0.0344670441842472,0.0026358506523479876,0.03280497478411163,0.0005417645632292624,0.0563951457941812,0.003628182113702849,0.10563447770094803,0.0062125550725081104,0.8061752304020681,0.010490594928861861,0.8539548822320189,0.011685660070518335,0.9145557891597073,0.008365385812910086,0.9184972435386668,0.0033704924262705233,0.7688327814569534,0.004173850171791831,0.8545886754527855,0.01744307573047419,8.206049601236979,0.8756227787671469,20.517349243164062,2.1939105091440285,25.933583577473964,2.881452786302827,-104.95474760462987,0.8674462426132775,0.25736445765526983,0.022456313431032313,-113.86111699536595,0.802989228259848,0.0375298276870744,0.013232645564039547,-107.42316748723125,2.08709850645401,0.1530696520672096,0.032602870426898585,-104.2480671592893,1.1028665971859297,0.32043312600500323,0.05908722891213236,0.23160293658544287,0.02319809580621761,-105.64715430135551,1.3983740047627429,14.623354324064442,0.9643997758055917,-3.448720665097766e-06,2.6923422170441992e-06,-1.4200181673922884e-07,4.571800624170021e-06,4.171527122048197e-06,3.22578361663083e-06,0,sMW,6,1
11,0.030151770087067802,0.0006455489448480994,0.0336633766106995,0.0008952568362191876,0.06002217872619147,0.0016525886082261836,0.1166431602535498,0.013509110238290841,0.7630941352830408,0.023235136461393514,0.8550733321328678,0.01882405023578475,0.9032515311652688,0.009039257629760536,0.9705452795596584,0.004829617997556597,0.7719025938189841,0.006092257348394481,0.8620196373073338,0.028800590587402305,10.098139444986979,0.8136805677091725,22.2317377726237,4.162245682642245,27.90355682373047,4.1568057667081675,-100.1079857384256,1.1004745741566728,0.22040000808637392,0.08094558569958527,-106.91219370624255,0.9027022413830046,0.0596411211496607,0.02570885827969281,-101.54075945905329,3.0394322437327954,0.15738205422886054,0.010288449837391946,-101.49516153379022,2.17040979120258,0.1806518130966551,0.024086688470461776,0.38192500343844965,0.1298725978441326,-97.6253667432372,4.4761707924393015,-3.429161249379947,8.622589210594265,-3.023969255357469e-06,7.19014276042696e-06,-5.222644361964044e-06,3.93949542337574e-06,9.879854702313555e-07,4.3467284991842555e-06,3,sMW,6,1
12,0.0313303666116612,0.0006659573568119967,0.03369400344483523,0.0013121166508677363,0.0533618456708573,0.003339051480224814,0.1071335888086566,0.0044882547193221285,0.7901049025603681,0.014986819490729459,0.8844741486322168,0.0216891891031046,0.9228057671145878,0.0063150738044808275,0.9288245508911971,0.028561502667925766,0.777697295805739,0.0009834835423139805,0.8614819364940427,0.022292371587683452,8.790969848632812,2.161091654521785,23.123741149902344,4.764734884102822,29.241243998209637,4.47496685081265,-99.19808480145322,1.5007403385340583,0.2218450655504435,0.052888078563930775,-104.94314270097709,0.3725752574851747,0.06856337659799637,0.030429740220633692,-100.83782947416161,2.5727572425967415,0.15437722255100192,0.024013816182551287,-98.72291264724898,2.1613482984118915,0.28286258600864755,0.14372681397204537,0.2723517492919104,0.15400043866131682,-98.5687720247833,4.770715224447353,19.581500859077448,27.060678861861643,4.0340247859002066e-06,3.0231545554977836e-06,-1.3204641071315754e-06,3.894590949267207e-06,-1.7378156467180877e-07,6.547038930363187e-06,4,sMW,6,1
13,0.03055525386956705,0.0013147059788959027,0.03382295871147785,0.0012097687519481853,0.056451194803764024,0.003318432027488944,0.1113021668995791,0.007893668481227583,0.7693522572526237,0.014489775840368735,0.8669546759700112,0.015192772817690131,0.8897267233744576,0.024276027046469213,0.919492904861954,0.007199645756664722,0.7623654801324502,0.00377891155178178,0.8411769362659619,0.026356032343056682,6.806135177612305,1.4089053377531695,19.32048797607422,3.0947256157283167,25.677204132080078,3.1180821370111436,-103.183699082995,1.3454825500425789,0.18229950302322992,0.07348775141761486,-109.71946431990315,0.7656302356306053,0.04374125836766618,0.013318479728821931,-101.9136825862772,1.4636124205839738,0.23281487250237126,0.01529153586930803,-100.3188426405186,2.152978989307343,0.3509075430742146,0.07628341171427214,0.19023682303251785,0.05122536078770887,-103.04873602139821,1.6599300079016452,-3.9410602945325044,13.851823011776242,-2.7322632531371318e-06,1.945134968442024e-06,-1.410819998458876e-06,4.500933507944917e-06,3.0331019048133657e-07,1.4722164759013026e-06,13,dMW,6,0
14,0.03148976614696498,0.0018278908388447367,0.03412966295391015,0.0013539148397375474,0.05676158472272255,0.002891314239512811,0.11023044966821645,0.006220893191774631,0.7980058489646019,0.009374936933678536,0.8839158532403756,0.010500480206966825,0.8918586372611277,0.008877075260871177,0.9530253504786366,0.004978869376509881,0.7766194122516552,0.0036018010800917917,0.8685417741250483,0.009309077008320224,10.325908660888672,0.6357131760854846,25.470733642578125,2.7568582952812104,32.10163116455078,3.4440677426092385,-103.6881795356318,1.1456001798280306,0.1758425088507385,0.025032434956604538,-107.2463600699958,0.9622049439478355,0.10073063755018705,0.02054662284195988,-103.0524825390852,1.0114558663346818,0.20822389828549326,0.023356173538687484,-104.57344679323373,1.2301948265526688,0.1567327117996439,0.037714819210917815,0.3584702435139371,0.047112098621797965,-100.4236452687822,1.3999298615125702,1.412114327969896,6.063488968178228,3.3262500013740676e-06,7.148586541624399e-06,-8.66860395658615e-07,3.614830341143077e-06,7.012195186315817e-07,2.089826290291711e-06,24,sMW,6,1
15,0.0318399275931162,8.492086787153787e-05,0.032775099177393,0.003028359282281944,0.0549354035160112,0.0030790488243708784,0.10787050524710218,0.004202273230347517,0.8054994240477575,0.012674667740941812,0.9120499638159667,0.010328966356796518,0.9161398302015724,0.021392233598478864,0.9085809675388732,0.013770400354248044,0.7811206539735095,0.002762882799162835,0.8803075775776552,0.010262937531277019,10.346651077270508,0.4184347723860716,27.554750442504883,1.5456077329783569,32.99307823181152,1.3565116521687282,-102.94988666954251,0.8160042870378054,0.24922103468614934,0.030753269072514782,-107.67991611985573,0.4110651675036007,0.11900735789904612,0.019206026208195042,-104.41565203064408,0.8282254273397872,0.20383272548262937,0.048770711089876524,-103.59260585730992,0.4572990356440648,0.2533643803222022,0.04296217901878597,0.17457450160997282,0.07574717420092161,-105.26296083058274,2.1995313724791674,0.08588263936160567,5.316740097303416,3.1049722261724137e-06,4.407051517210209e-06,3.45267877565031e-06,4.657177129011858e-06,-1.029688907260202e-06,2.82382474744026e-06,16,dMW,7,0
16,0.03607113252589425,0.004052193759549553,0.03280262687424562,0.0016106540752778642,0.0562010724563195,0.004487090523045366,0.11311209919674944,0.0039869025137054615,0.7995162373711929,0.017444453062114357,0.8690892838824835,0.013214050265075564,0.9087970968942872,0.010439000272743944,0.8948795348906851,0.016310082359619237,0.7656767384105958,0.008748739325895849,0.8382804766332154,0.027313983575615226,6.691694259643555,1.7612550251677956,18.546342849731445,2.699492176329046,23.735761642456055,1.9966164867849143,-104.92906327594521,1.719323393259375,0.17040610907004675,0.062267313126465426,-113.15371976916254,0.23188636447839106,0.033942591687037726,0.01087350983145063,-102.56660814767528,2.2121551109932738,0.293851502984582,0.08194219007597596,-102.12182455411615,1.8400648798552173,0.32283457600069,0.07960037014207513,0.17896522025764333,0.06421566790738485,-105.14842873791089,2.2534403084469514,7.988279275576328,11.84796402004388,-3.311748400697347e-06,5.533382972052601e-06,1.2254614409797266e-06,3.5591508552378543e-06,2.5118872425775783e-07,4.489305079799634e-06,0,dMW,8,0
17,0.030155228153887634,0.0019167749722653095,0.032134191184846166,0.003588708064358377,0.05408746433672717,0.004189257678312975,0.10012617534613277,0.005699635660361111,0.7654950677750176,0.011611615102373563,0.8809580142731447,0.013869476906478643,0.9142536947683763,0.008420798040391041,0.9583021745038517,0.009729453168635936,0.77824917218543,0.0024399474591373393,0.8726679121183841,0.002843320641405065,10.545730590820312,1.0131742759931077,24.28404490152995,1.5193580329813925,29.710133870442707,1.5179320862987389,-99.48417212790683,2.0572983602965467,0.2609695885220388,0.013068819439864295,-106.56657658368822,1.531743098123296,0.064577128664644,0.005460355378157915,-102.29527233942258,3.2807742344941766,0.16173766953244595,0.052365308200522605,-103.3935534890109,2.7401127921413417,0.14777136306640307,0.06381304798822764,0.364944250214468,0.08218946557324813,-98.36703647790834,2.3448191670149683,1.894347386067505,8.20952523860523,3.861201226971078e-06,2.1340728218445884e-06,1.9265450758281202e-06,3.239796946737293e-06,-7.709879316023968e-08,5.045503239117166e-06,3,dMW,8,0
18,0.031354698633695874,0.0020752157606010084,0.03351180509211745,0.0022101029155850746,0.055148727428709854,0.0066014551881439,0.10696346558498322,0.006977732173457105,0.824373536029406,0.012178197481249415,0.9367655668300859,0.007257225825440402,0.9265087835268769,0.02420906392856853,0.8962267266612076,0.022963989233242294,0.7916235513245027,0.00825758648371528,0.9036993168784997,0.02873115839022899,14.369964599609375,5.952855759665935,35.066843032836914,4.1804599387508405,38.867950439453125,2.876211434507697,-101.91956910844843,0.8939362413070279,0.2789996205985255,0.09889185717169152,-103.3120995409276,1.449548273761291,0.22125885619340915,0.0720145617666754,-104.18063138784005,1.8568159250458067,0.17493909747855907,0.03325807765962352,-104.17477664103181,4.374921167551824,0.23684440015047747,0.12919694595941947,0.0879580255790285,0.02655448027462662,-107.61772569989083,1.7563815387061512,20.911435746850344,15.810724950737228,1.6910196067020535e-06,8.097780998552717e-06,1.0523268435577105e-05,9.158204321873803e-06,6.021269717982392e-06,5.284011755823514e-06,11,dMW,8,0
19,0.03254006742309317,0.0013695474137606438,0.033191676952692296,0.0006676066231576813,0.0532585196879124,0.002431770831406554,0.10891269905840839,0.0027061307138448536,0.8060936707710472,0.0054457042870113236,0.9098788766476159,0.007813584516112911,0.9261899069797553,0.009967975272689986,0.9102842154542529,0.008296114713911602,0.7798358167770415,0.0029996381900174343,0.8863517039231018,0.002707274916745873,9.839057922363283,0.2048669129037573,28.8845698038737,2.2817503223556233,34.63204701741537,2.058198940686522,-104.53425023852769,0.6486648621246027,0.2546803485077225,0.034690249552796454,-108.51286225308614,0.34213583916899776,0.12044197520698667,0.021015522210611464,-106.58133305817894,1.7631468373869337,0.19004664184958345,0.044524438489841694,-104.85977267787602,0.30200012775427304,0.2703090334335946,0.029571513160168407,0.16452200100211264,0.03140120649508488,-106.95261998313526,1.5941847696459228,-6.678536096756356,4.654039378471994,-3.2640191413163883e-06,7.027710329888469e-07,-3.794913313704444e-06,1.0240758340079e-06,-3.2099590497970052e-06,2.3576468504934805e-06,9,dMW,9,0
20,0.030677710684798336,0.0008853643525469728,0.034382544099197464,0.003592385570622588,0.05855273889795696,0.004260525018094519,0.10645677589671787,0.0011620441931382045,0.8515744318897708,0.008630731460078388,0.9544531178233507,0.005098659202450047,0.9347638494522372,0.006632907937903854,0.8770189315669367,0.026789223647662445,0.7980132450331118,0.0037637693459174676,0.8980767741712218,0.04386048516713227,16.27508799235026,5.391708243957761,35.671234130859375,4.563308085955982,39.863904317220054,1.9175071403807202,-99.94596667502663,1.4784461955813173,0.2461864855913037,0.03455398681643145,-99.96662176335684,0.21760944606502045,0.2841790658651895,0.0942897371590326,-102.7221075744144,2.713807189963203,0.14286636271096254,0.009725770672057855,-100.75294183690812,4.89776645149937,0.2612353962463851,0.15545612061614467,0.06553268958615903,0.039064497911052265,-106.90106571129688,1.2485711466446892,18.113418560601083,8.350870977047297,-1.2885057604750603e-06,7.924083393458924e-06,1.0951874177234598e-05,7.174009068577535e-06,6.610703443543032e-06,2.760682880027681e-06,11,sMW,10,1
21,0.0285940126133453,8.115682858436797e-05,0.0311005408019701,0.00016532937536085877,0.0543687733279934,0.0011192066947536654,0.1091238902341489,0.0065785251667689676,0.7548021794517461,0.0026891866265094967,0.8692474208468648,0.005100820397270774,0.900514939452018,0.010124308319489116,0.9682319572678837,0.004393979728392407,0.7762313741721851,0.0010975374294078571,0.8634689481190894,0.009101511061458135,10.890483856201172,1.091771963826199,24.641990661621094,0.303457309278437,30.116558074951172,0.3297569427492349,-98.56726504698808,0.6399624863378809,0.2488250664836181,0.07214417195929491,-105.47453096270712,0.7604146776451857,0.06998337872841875,0.0004967890417738505,-101.17906171566267,0.7240557642969688,0.153889746357107,0.014649601046301038,-101.48691752785669,1.505669438467816,0.15575610007423685,0.03446424927093951,0.3715457083566191,0.0528263127764303,-97.10515831375628,1.5293383940602874,5.601429458075405,3.9248678988161774,-2.3216205348796345e-06,5.6320981065699045e-06,-6.0310516080846766e-06,3.2581637621418095e-06,-2.0990544723750687e-06,1.105139640071003e-06,3,sMW,11,1
22,0.03194888622211604,0.0015791169015320356,0.0333983671155774,0.000897518334661049,0.053014127192973666,0.002103751886820552,0.10843421903668683,0.0006364463546711911,0.8161057533687391,0.0047224456076775286,0.9031240281620173,0.007622716738848844,0.928920974566593,0.007500119191885842,0.9320439741232578,0.020277039807473224,0.7851476269315668,0.004719647275039287,0.8775780778023683,0.013611837005348217,10.782559712727865,1.590967827418602,27.722994486490887,1.5793979223311216,33.718109130859375,1.368036083959397,-99.00482003111598,0.7036606360401453,0.310506165650737,0.0903487665606751,-104.4154466697306,0.4519344186646812,0.10270106103860087,0.007021584389321656,-103.14058850056499,1.2310494130978784,0.1294655261018529,0.04099343809229466,-100.48644454775142,2.6080931930413307,0.27532652922971274,0.09987496536461532,0.1820007179790963,0.09758142970051079,-102.2286613112904,3.8013423299147115,18.240965656543068,18.352947558474376,-1.0899651448962897e-06,2.7679240635919095e-06,-2.11451751694729e-06,5.1983102250246385e-06,7.295444688030912e-07,3.131593920562363e-06,4,sMW,11,1
23,0.0285235022850431,0.002112434942762675,0.031927605570957376,0.001875058493865664,0.0545683897255231,0.005300547036747053,0.11393743220839805,0.005445361975404935,0.7209470818092802,0.04822489653982372,0.8166138930571809,0.05583259855405073,0.8699607340878281,0.019448132067171647,0.9408782515082741,0.04058254406927959,0.7537769039735098,0.0056742673306519045,0.8199703358071778,0.034069165676453655,8.01849365234375,1.094898138987318,16.99066162109375,4.041055275559048,22.191286087036133,5.026492597336632,-102.10483173336245,1.2167212481710803,0.12473016515171584,0.04751381827337638,-109.9172757114701,1.0566682124465947,0.028016499313147723,0.019760984184534005,-99.41177132801593,1.2195755184064367,0.24741720090215186,0.10564438886844232,-100.08973261422565,1.5347971288502111,0.21434217452233495,0.05954465351830708,0.3854939601106495,0.20422798611006768,-97.51173961388261,5.461510600890811,-7.144408609849112,7.882617419984595,-9.675217190186004e-07,3.327901465757934e-06,5.806139616027636e-07,9.550014069149008e-06,1.4058059691250652e-06,5.721375283349191e-06,13,sMW,11,1
24,0.031062240799250046,0.0009472130273866654,0.03379254043066745,0.00129673763361413,0.0573602166492756,0.003692364767530774,0.10636114531755894,8.700593684241324e-05,0.7832207629844825,0.002579225197751962,0.8919532091127986,0.006313547780432227,0.9201968745301371,0.005722962344179114,0.9293376044501767,0.010072374135773297,0.7773696192052975,0.0009511991054868828,0.8815601030475683,0.014776334247047699,9.23013687133789,1.878063569645438,26.217937469482422,1.2010165951664364,32.49025344848633,1.7512858493246726,-102.62852336978992,0.7079208778760674,0.27764049195185914,0.06923813515052439,-108.22445286135877,0.47737252751497455,0.07856196774696685,0.017863875022549793,-105.59529382828046,0.36710438498873754,0.14979715022107845,0.011839641643203102,-103.41135094498212,2.125736206489995,0.2772561085671845,0.08631514203782102,0.21674428151291086,0.012626509778456094,-103.93650871138988,1.073259805294934,1.675688540490405,13.062991684202595,-2.1410478001261678e-06,5.963004870549253e-06,-1.8900375148121488e-06,3.1211133604329785e-06,-8.569003983495945e-08,1.0712575370907778e-06,17,dMW,11,0
25,0.03259984689303792,0.001962826049012321,0.033183065361078,0.0012491612949260705,0.05319718347876558,0.0025859497599546232,0.10938741347542445,0.003590473635822403,0.8114777734301064,0.012764736000161422,0.9111885784504105,0.015265193204424033,0.9090541039908105,0.008502112697586692,0.9117742555602186,0.04010413707773767,0.7813276076158935,0.007327822467841895,0.8842239366951948,0.02034607095822981,9.940862655639648,2.1925770186584996,28.382062911987305,3.7143849958160278,34.09266471862793,3.0839813596626806,-104.28769239086888,0.5946698009177267,0.2484376920512499,0.057651068333369984,-108.39507569500319,0.5299527271453908,0.1111830464915981,0.029708698671945723,-105.88700124381353,1.8298866441294532,0.1790999704662503,0.06088866631786138,-104.41850442010498,3.0789730827447603,0.26512247668887795,0.08638897562863326,0.19615681430202359,0.05296242284830441,-105.75763340090674,2.6014100615708102,-0.7639927958678149,1.942273423107464,6.878590241012879e-06,1.792776894877051e-06,7.616829034471887e-06,1.4881362007201326e-06,-3.606413518755616e-07,1.2280199676327847e-06,23,sMW,11,1
26,0.0311885280594176,0.0014755468476325426,0.032567552988712875,0.002993051615024541,0.05545686717953175,0.0019041021871559274,0.10705993420976402,0.006070596765583821,0.8156148589326406,0.00306082723835882,0.8997633705122557,0.005959481522262554,0.9203631644061421,0.009307685942753148,0.9058977572730337,0.025403162930573677,0.7794650248344366,0.005728028578551629,0.8544592315293699,0.01959461089297457,7.5206756591796875,1.473048078136097,24.136066436767578,1.8870154427123853,31.829118728637695,0.7855858534999918,-100.40489146722393,1.2038967232107685,0.19761515642916963,0.020546646659186454,-104.76429404814098,1.292934480592258,0.07876850685913568,0.010518859877897725,-101.2232862572263,0.5821727090324069,0.16858728259013794,0.026419732936313275,-98.10815713587175,2.2333560361169784,0.36912291887308796,0.09316719683947129,0.18590613524846866,0.06891428010283851,-101.39822175178466,2.4809854134967213,5.091683040006673,9.72345579314319,1.74961968980631e-06,3.0370373328381008e-06,2.424686709311939e-06,3.4912357690681266e-06,5.346736997251299e-07,3.7938772428870697e-06,4,dMW,12,0
27,0.0296242285593311,0.0009883698335798516,0.03158331554463763,0.0009770048308073772,0.054606891592426654,0.0024437861388031637,0.11657189272340465,0.016446300099668604,0.7744417568862552,0.008020393471402383,0.870017822931048,0.007508598364153213,0.8878968569690838,0.0049647395620999,0.9274863152216156,0.03193320958652052,0.7636072019867548,0.008758117419353314,0.8545832566186026,0.022509034902395638,7.704734802246094,1.8108034489113811,21.901845932006836,3.42525566620348,28.18155288696289,3.7102875057278473,-102.8346434763721,2.6988663286573136,0.18745213137020328,0.05055028643337368,-108.471640182839,2.679099785381802,0.06062479752993285,0.021736180285612628,-100.96574278916017,0.6327515734781384,0.27302182680631454,0.05037137080964655,-101.52912320913467,1.0699128226422328,0.2654483945635729,0.07739137735354788,0.2134528497299763,0.06521200762794625,-102.33975280245936,2.9086528059059273,-5.857028430538542,10.710655341887009,-1.0369047807960595e-06,7.911119657639895e-06,-4.23601612001053e-06,7.962967551400776e-06,-2.1332432987938947e-06,4.589075924922598e-06,13,sMW,12,1
28,0.02878834013560845,0.0012021943391030538,0.033364138143865046,0.003912441311182524,0.058583904619583,0.0016256177711773965,0.11864756026927205,0.007497004572859847,0.7387304544355047,0.009618192918633306,0.8320592009599941,0.012324840728949763,0.8820908177391449,0.017570558475542876,0.9549276757310465,0.017911626205448113,0.7554325331125826,0.0019755673729343315,0.8156032885373208,0.012864782268322253,6.875514984130859,1.505822603597221,17.2882080078125,0.2589502372509329,23.468017578125,1.0681697286600984,-101.74093570796586,1.0310568778790958,0.13075999157243884,0.01574206876672466,-109.4575785870485,1.6034104103852795,0.0274803349430063,0.002157980683004697,-99.29711068790434,0.6043114740647672,0.24518994127335889,0.02333500136948243,-99.133551607941,2.3436252797534953,0.2911163134180563,0.15366091009281715,0.3054534187931395,0.1124258592736053,-98.7993696904559,2.0707965706230484,15.75766525457453,0.509541765662844,-6.857234173749065e-07,4.855042923521693e-06,4.743184610572348e-06,6.068282908175972e-06,-4.213724309613335e-07,3.928567342190155e-06,13,sMW,13,1
29,0.0351280927480834,0.0018367252969759796,0.03219791198703782,0.0013176033373842517,0.05539424978593153,0.0026313783740736507,0.10789512732867318,0.004518630828106407,0.7935003122647983,0.01448623629546943,0.8540477180988011,0.013904275464387545,0.909754831093646,0.015542114132707448,0.9107845432904899,0.027650543100543757,0.7660647764900659,0.007451947775760052,0.8482329638170729,0.02147302138922398,6.926059722900391,1.292013546908451,18.106937408447266,2.6778862911520123,23.154020309448242,3.0441138155426817,-104.22237967909157,1.0737489409686765,0.19971128641653962,0.05740032604049794,-113.09794155811912,0.6827280540893637,0.02823825400757715,0.008780580530085836,-102.25819945456581,1.8051203302336163,0.29756713065864393,0.043196362139179774,-102.71310307571375,2.0481892388562772,0.28904800833561684,0.04981159691629647,0.18543532058162226,0.03159517593239384,-104.67774156015376,1.4802729546545903,-4.175623362804631,8.172369720189602,-3.763240702962714e-07,3.4652929868099946e-06,3.7076592307946716e-07,4.836156442694242e-06,2.771384849838527e-07,2.0230299326062004e-06,0,dMW,14,0
30,0.029308252765807768,0.0015613675961010916,0.0325873747742872,0.0019065743648397288,0.05715603201338337,0.00700147810804757,0.1132156552840138,0.0031758171667765514,0.7635108405872629,0.0045081786849796,0.8773722642767985,0.006941985341052097,0.9156733382884757,0.009176229256572115,0.9550705779825494,0.012823857781275615,0.7770074503311254,0.002884387389231481,0.8872254970730632,0.005234847959229259,11.737187703450521,1.0502151227070302,26.82781219482422,0.6176681374370918,31.642913818359375,0.7451968635963351,-98.12951188249797,0.21665287702938732,0.281541208312333,0.03427443625547323,-104.44137382364563,0.3349319655235478,0.09065717843099967,0.005775944762351599,-100.08257592872233,0.8822827179759607,0.19831203338392933,0.04415155004701996,-102.6843499911093,2.4043025491483365,0.1335114173364751,0.06279225390746285,0.2959781625362628,0.015098840674919768,-98.1635308481229,0.9471422163797187,0.33490332987116983,10.30138126280474,1.674326904125524e-06,2.7231855384109485e-06,2.767298476789701e-06,2.9671738753637095e-06,-4.294181006491181e-07,1.511264680214518e-06,3,sMW,16,1
31,0.03274504937373387,0.0012002055148723745,0.033158055050536296,0.004910223423520633,0.05472101912993534,0.0027186060889299525,0.11255423575565941,0.004259561458653929,0.8390207545165452,0.006169490804684322,0.9401037398572089,0.006031853454618914,0.9338226991181849,0.012554640924803082,0.9165468470381567,0.010818605844422189,0.7940121412803526,0.002691060582200425,0.9079413906843702,0.01507276122498272,16.164779663085938,1.9242423066005994,34.78113810221354,1.727299369400778,38.75509897867838,1.4437867996598983,-102.669450661466,0.8493723438682187,0.3448573628057056,0.07437948052596378,-105.12428476077862,0.2528167881032938,0.2181977177878334,0.013744001706785273,-107.21402848295679,0.9120747185887712,0.14807460687200313,0.022411133765735437,-105.98548647510695,2.1209919332999934,0.20916237824502504,0.05409366613573825,0.07970793428943267,0.002822194003468448,-109.82921064568536,0.6888682028776578,0.12617007095709365,8.134770655308719,1.4079155752104008e-07,3.982582020665275e-06,-2.23212609244209e-06,2.25373825461573e-06,-1.8874325182529411e-06,4.523483592933632e-06,10,sMW,16,1
32,0.03134076834309435,0.0003928293171451969,0.034955199693627495,0.001748310086414741,0.054597593422160945,6.155126824638221e-05,0.10813696821419855,0.0018125850716400017,0.8057664722322238,0.006079932022766542,0.9119828731067026,0.00266587947589611,0.9079625273703008,0.006898756620625644,0.9107425680545607,0.027514260393175848,0.7784043874172181,0.004755995527434218,0.8701978686270784,0.008052091429084605,8.495330810546875,0.9629711947769068,26.951313018798828,1.3385839087059945,33.89596939086914,1.712173573906559,-102.79431585802098,0.5733660513184186,0.2036408720607798,0.05766354692117881,-106.18891038868938,0.12344662898924447,0.1093435907675356,0.004458077857027306,-101.37138275615675,2.1293784447541118,0.2885437755175302,0.08621343982843727,-102.45741519425482,0.008421878615594942,0.24646089337102728,0.02506606186528932,0.15201086828312704,0.0009742468150581963,-104.47454413737724,0.6594100528693798,2.6676349938347883,11.265677957053555,-7.487834484448835e-07,6.228549922025161e-06,-2.802871423179775e-06,1.9044717988312694e-06,6.172081625896507e-06,3.890806156265309e-06,17,sMW,16,1
33,0.03169466342935897,0.0007276406619272486,0.031954830552101736,0.00203591082908249,0.052758275617521895,0.002559021664562474,0.1127604601147087,0.005338377665535533,0.7954731149623733,0.009180060122049789,0.8814572486034787,0.009247527934890261,0.9079965466743524,0.010340949656268132,0.9351510496243381,0.024760417408342814,0.768970750551876,0.00420621929058725,0.8455330812339885,0.028478362414868418,7.0667266845703125,2.1652572079915444,21.90113067626953,2.0537787695265513,29.110272725423176,1.3940527665987559,-101.22013037849904,1.527546393195764,0.18471162516478382,0.043671920794579065,-106.70563397025171,0.32471842476676416,0.05677426631595573,0.004910049440311775,-101.54606058158033,1.234811020513702,0.18289553681550233,0.049580406857331664,-98.69584022944979,1.5805551106241955,0.34926922028438173,0.1207363310613148,0.2263493514193761,0.13323710841890854,-100.89781130010584,3.076748364716932,22.130133880550417,22.456420980451675,2.671102140227078e-06,7.828597248541385e-06,-2.3060850450598464e-06,6.295012609374395e-06,3.6085662514747524e-06,6.118115771542844e-06,4,dMW,17,0
34,0.0319706004985871,0.0018311103361543211,0.03303821392596017,0.0018738674911303464,0.052173964296072295,0.0024480335079411163,0.10602426209066586,0.0028956738601201783,0.7954858631531879,0.003897639925626764,0.9071732121963046,0.008796097173099864,0.9126237944556882,0.008816112776947885,0.9137847862282467,0.01562523112903205,0.7731098233995581,0.006649409043101916,0.8725817294767214,0.019511497171850734,9.051958719889322,1.067167241749255,26.46319071451823,1.4914211153714196,32.50662485758463,0.7471198862718131,-104.88886550560619,0.5956556498904397,0.24222297983049165,0.023492813212244595,-109.62506970666344,0.39280423181589214,0.0865995358146685,0.008661850327385857,-106.26077030695897,0.510167682969788,0.18063702642428425,0.00569024756871802,-104.79971916900719,2.061165765961438,0.28388732166569813,0.0820041133158221,0.20665313626485723,0.047392299221672915,-105.9217265293065,1.0742689566607584,-2.942201646399831,3.670320802984881,-5.366595138889803e-07,2.5386571110135287e-06,-3.1240827430292065e-07,5.1621269456524465e-06,1.2080192605943949e-06,2.790492357186018e-06,9,sMW,17,1
35,0.03179107883471405,0.0006943252554157395,0.032441702546821896,0.003632480614027329,0.05623445974347745,0.0025776761466153866,0.1088630465439866,0.004867710143827545,0.804305384389544,0.002276217178992802,0.9199581350363752,0.010038452442843881,0.9365377076391767,0.01307982493747587,0.9135806331506393,0.008102146397081565,0.7869929635761583,0.0012438757533289886,0.9073595395252823,0.0062467757837351345,14.719009399414062,0.11329072879728316,30.429840087890625,0.7377384363346892,34.36565399169922,0.1780282881100164,-99.28134445825589,0.052328357493393436,0.3962729014974017,0.07155748683630665,-104.63622954552174,1.4568171363859341,0.14798407985417975,0.03298471824624227,-104.28799695675512,1.432254163715078,0.148400009101462,0.02168748055316465,-103.0049060920966,1.288652266813212,0.21102013505311915,0.016575898125739737,0.09632287449383731,0.00030938991115993453,-106.10921257473399,0.6272713788425621,-3.9483205445186007,10.095665399180591,-1.6126360659444175e-07,8.058432109243618e-06,-2.259692881604762e-06,1.0648554473308891e-05,2.179273926176725e-06,7.486579993213261e-06,17,sMW,17,1
36,0.03241816135788977,0.0005626888894076081,0.03620672438065393,0.0037868458500369064,0.05621304702701377,0.002494792502908446,0.11216744905206195,0.00956379124019676,0.8082631985158457,0.00523082012583226,0.8983605468604595,0.011720248965762977,0.9102599451724706,0.007898038767860818,0.9504155073566007,0.005133140741931875,0.7833195364238406,0.005123931458253144,0.8880275267656726,0.012566123362999468,12.188593546549479,1.3442073601856148,28.708775838216145,2.310009121772454,33.58745574951172,1.850201172715829,-103.17330599103455,0.08150848131660024,0.22010826675413364,0.03333566982418974,-106.68792335478855,0.844704743404727,0.1513238018858437,0.03424646218846739,-104.19554925643867,1.8842847969920584,0.2006112513620473,0.037130839647134796,-106.47194690297914,1.753514444928086,0.13518864943104167,0.027705274132163164,0.2927680305669335,0.029548718917696327,-102.39854814446808,1.2057893988768105,-9.781175517510048,3.2899805936202315,1.7399821138692372e-06,6.728052150456226e-06,-5.196591147171269e-06,3.3004480789745583e-06,-3.19807096396317e-06,4.574112772160796e-06,24,dMW,17,0
37,0.0324697934919653,0.0017530634388822667,0.033849198357259934,0.001556460795558193,0.05487696894260646,0.002672385942093098,0.10807879914151226,0.012376965436255903,0.7877059023226747,0.03098376377141212,0.8838592901603771,0.02470918140186311,0.9128851064689463,0.0013161607564256255,0.9408909616287976,0.016871615887643326,0.7768694812362026,0.004002738828197881,0.8645422053085579,0.01616999485571699,9.679476420084635,2.3766217087557293,24.07042185465495,4.067900488888374,29.84460194905599,3.952459493551782,-98.11791169353772,1.541835183494262,0.23640424521762068,0.008938743025743372,-104.57490487404256,1.2560279364047742,0.07061621274953021,0.037817330008730964,-100.64547092443995,1.7005444491207466,0.14537337722995927,0.029447756956605363,-99.28296755443624,3.0343895159950574,0.2372548228373913,0.1311446401986553,0.3103513419654984,0.10890885937385276,-97.48008935820947,2.8262913560634084,19.35533482980313,11.39747303136969,-2.2217420686002537e-06,1.99895809516395e-06,-4.269792947559314e-06,7.317747905582405e-06,4.467082862226572e-06,8.211334706813456e-07,4,dMW,18,0
38,0.02936051171806195,0.00028649009883516594,0.0314446303328808,0.00319959962506246,0.06373118781366725,0.003021124898672076,0.1384522723306576,0.0009474753619581865,0.7294804809121975,0.008293103974095332,0.8309885917772033,0.014946431939733613,0.8730465215433586,0.014870213869153966,0.9797236287318332,0.012006775357339088,0.7728683774834433,0.0036584580980263217,0.8308193964032942,0.017729214555537165,10.265350341796875,0.3466156821535919,19.670486450195312,0.9683659913863013,25.357723236083984,0.9016053833450439,-97.15460532733704,0.6179818936306313,0.1893920228355314,0.025762584837613872,-105.44053572446634,0.802623918828765,0.03466205166677775,0.006514681783037735,-98.57753740401961,0.9806024989599177,0.1384043159008172,0.027246361193567964,-102.98205939679082,0.008074663519137886,0.06578319064110395,0.004360352036207435,0.5717584189557696,0.05516327577801204,-92.05944837604993,0.56698715322372,-13.499016523176866,7.700789815904833,-3.000586817600429e-06,5.220701381581591e-06,-4.650704600256358e-06,5.1383413057102725e-06,-4.885804878823723e-06,5.311988090157299e-07,3,dMW,19,0
39,0.0297583260862742,0.00013733956186894026,0.032803990327454964,0.0013354257615704787,0.05626599107103874,0.004170552098008965,0.12514079521688126,0.01663326747685408,0.7586410673863865,0.01565750251019775,0.8602529224360208,0.018721907185041454,0.8906285006246035,0.00701643209255067,0.9804369040121962,0.0063314302749927776,0.7792839403973505,0.0033737252456333745,0.8579137213145117,0.009358281176977741,10.399500528971354,0.7063671520715982,23.88922373453776,1.864197497405241,29.8614501953125,2.488386303179399,-98.99472164983833,1.6795266866566219,0.20736272788459606,0.03633502073736644,-105.03451552425122,0.30471161182503137,0.06666827963872678,0.01598952236906059,-100.33171891421547,0.473310419374305,0.17023844272596503,0.04296666858006395,-103.18303196851222,2.2589823671138505,0.10163005413801347,0.028962958210643038,0.45410049561269855,0.019921175757711247,-95.35194861007881,1.2949724319173148,2.037649429894134,10.750720546336645,2.468226794037729e-06,3.7221941931077093e-06,-3.885631877776856e-07,4.981712280010516e-06,-2.3811679151818147e-06,3.2394352441054063e-06,3,dMW,20,0
40,0.031077984422513468,0.0008664901183059517,0.0313565443812268,0.002211119159009976,0.06141359646878793,0.006581597134779821,0.10696239558114058,0.003266953730467205,0.8421205814254561,0.007623580840057935,0.9448266915267781,0.004255316263014627,0.9420037820696984,0.02412858902384224,0.9165197444470482,0.013815845313977644,0.7960126931567322,0.0032066686099272283,0.9187438825748031,0.005106097113335434,17.59624481201172,4.207879107214055,37.508646647135414,2.5621724383018565,41.01085662841797,1.5181126245293899,-98.70798182101271,1.0972438427108946,0.34106119507496696,0.05513870499320046,-100.31211704134712,1.4173014908860204,0.26279876046405,0.05239840547985101,-103.97142954266218,3.455961240550668,0.1336447976524515,0.08159220322995174,-102.1496356520078,1.3370190708623189,0.18650124748215424,0.004051373511488243,0.07599399932637707,0.017989882824342454,-105.98310118442099,2.316145265118925,24.111274398250163,16.05811644667907,-6.705872449904756e-06,4.81857377891168e-06,3.914674684731779e-06,1.7039793756882045e-05,3.3610723887638845e-06,4.400230638327215e-06,11,sMW,20,1
41,0.03154944736418307,0.0008862124390857127,0.035008531510849435,0.0014070029577251258,0.055316078068158935,0.0038889044669297673,0.1066839634805189,0.0034013256940693803,0.769525031544607,0.009470212525156726,0.8935081669497548,0.019336187874505768,0.9243258081245296,0.005394587515961051,0.9232640362335123,0.004356210119264602,0.7685913355408385,0.0061430148824057704,0.8690788600460716,0.017138443072074953,8.36785634358724,1.096537338928772,24.872779846191406,3.8780411795374286,30.187606811523438,3.307061337415852,-101.85570103820646,1.2808025840372226,0.254774547314959,0.022569395268102095,-108.70594053716964,0.7544786518191402,0.0678463930467997,0.03255626701395692,-103.88737795773221,1.3898798090914681,0.1715869402527416,0.03758575884181271,-101.48515120644235,2.078971859237516,0.3060682555319884,0.0315880746290607,0.19972386385351107,0.04549682146922094,-103.49187685795461,2.948935704366172,3.899822151230713,9.779614286766584,-2.976286134905337e-06,5.787169310415917e-06,-1.9392776946271258e-07,6.160284837018488e-06,2.476074701324504e-06,7.070097537621569e-07,17,sMW,20,1
42,0.02932782938385443,0.001908228320377663,0.031479157346740734,0.001345095412687688,0.052495871020511196,0.0011842346518481741,0.10840593747808447,0.007372278262906501,0.7774488487801143,0.00940476543442084,0.8661571809247884,0.015733383564747856,0.8878834083811452,0.014301913652147164,0.9398234614509354,0.005239378569742278,0.7628311258278143,0.008791876919682246,0.8537584787973183,0.011811228343184219,8.778254191080729,0.5378768235326477,21.84867858886719,1.8509914409526411,28.740564982096355,2.1321029752131344,-102.71949020402127,0.5544021151495995,0.1695519803194391,0.022975938796058706,-107.91450298400252,0.6964477071233351,0.05925800704472046,0.01152644822584751,-102.1957515570407,0.936429372031038,0.21395382156629217,0.04746392496529527,-102.35005301363617,1.5488301922468974,0.21831739788206161,0.05163506294415174,0.33891879318748647,0.025998813104119473,-99.7806462442792,0.9470274572584806,0.11592793403178418,4.440004249052166,-1.8086051060514103e-07,9.822146175006287e-06,-7.820380620333636e-06,7.572441552259576e-06,-1.2340643290931385e-06,5.720657619987618e-06,13,sMW,21,1
43,0.030347753373640478,0.0007099771759451424,0.031727219576422876,0.0014975577436984388,0.053272432754537496,0.004143401942961591,0.10818311359373307,0.005811559196082439,0.7833154192295445,0.0010720666937697298,0.8929424232335396,0.006526086846473494,0.9016566398484933,0.00753242563985052,0.9196401074116245,0.022544898529396635,0.77017798013245,0.006132256783952303,0.8611506540647846,0.014025293210086016,7.459878921508789,0.6264371830650284,23.07415008544922,3.7582934729767437,29.471874237060547,2.7897164674452477,-104.21543196320658,0.4030777661820365,0.19868262738292639,0.04490189145566127,-109.95781931535214,0.6521310425392204,0.0586915345050321,0.018260121150277565,-103.47133340962674,1.35404748294145,0.23998517016741175,0.04770694285302874,-102.66093259988482,0.42700143592615974,0.30164989627711236,0.02545733149818573,0.2009907716675173,0.07670221551628471,-104.88914086819597,2.520420139046264,4.725503416555877,9.26298872602286,-1.3760697318930133e-06,2.81022079640512e-06,-3.1768344933700233e-06,3.5282396801736577e-06,3.615306098261711e-06,2.104358686442753e-06,17,dMW,21,0
44,0.0330611458057703,0.0016291101032605499,0.032972451793462594,0.000970564886459426,0.053301079637007164,0.0027928212871561682,0.1115874688915311,0.004985992301743375,0.7977113851455896,0.014909956526550345,0.8555820710212942,0.01366039198509236,0.9150975831191035,0.0024659460265868114,0.9321540647229432,0.00025483575576392895,0.7713852097130239,0.003132346670283522,0.8543491155101822,0.006490494497824827,7.8322092692057295,0.41253699318976783,19.16027069091797,1.7622804710815134,24.3832270304362,3.1598091763516227,-103.39704150680728,1.759992650286858,0.2354635186775779,0.010635004065412143,-112.99635570838139,0.45221965096267264,0.028636983548772865,0.012603872985579023,-104.24428925025313,1.6220918989796307,0.1973938765564944,0.0160104205847321,-102.84142687014891,1.2121958193366023,0.29435653637086895,0.04389024177295502,0.24414908484628572,0.043574697487682064,-103.68089715424146,2.3747841091108315,9.126558879692015,7.604562661953963,-4.650880600889612e-06,2.588219952907861e-06,1.8417057090644407e-06,1.0517089419891445e-06,1.285525367861182e-06,1.305170331677676e-06,0,dMW,22,0
45,0.0297840222654533,0.0006239413650384798,0.032833238871423046,0.00031677337624691455,0.055020186383324204,0.0009119156936263135,0.11851508681553893,0.010467724237189313,0.7945506564197193,0.009819995241664003,0.8898126809271911,0.004715100904862769,0.9095867187342197,0.013205992470931181,0.9497829635753428,0.003632881148826654,0.7780939569536419,0.005634025470960535,0.8629017493635398,0.012313499038188506,9.692192077636719,2.8551961055220056,25.4511833190918,0.3027829597022577,32.691001892089844,0.10115243642614567,-98.46131009544908,0.5578666595706075,0.20644672316112428,0.07921614138690351,-102.81275689081468,2.062356853748615,0.08703938403126915,0.0015669850646873307,-99.83261326468951,5.162828252525344,0.16244746472602226,0.08250256520684081,-98.93596755585477,4.789189758192714,0.22882275175755395,0.10074286363751492,0.31524367632403016,0.10559627252213967,-96.87743425893589,0.465781339360936,6.3830851456036966,8.117979778688156,2.9853492078268498e-06,6.755864947195453e-06,-2.26091764778309e-06,2.5302133789092737e-06,1.967165234878546e-06,1.197974587567973e-06,3,sMW,23,1
46,0.030768060313606734,0.0005497543928598839,0.03300286413656157,0.0033686710792010066,0.054718953751693604,0.0029791241945074077,0.10380640921879576,0.006060405587882815,0.7815594431897885,0.01406363585555753,0.892031466608522,0.017558483173150875,0.9066014660364375,0.006559822892379604,0.8989578161669706,0.043235402080892174,0.765487030905077,0.0064291784773426765,0.8574296943660626,0.02936518479556241,7.872581481933594,1.6070210241770773,22.89104461669922,2.3412844313691386,29.607137044270832,2.8468678837969557,-103.76020397128501,0.49773089168811835,0.22041036983132956,0.039802548426083224,-108.9743050547869,0.4153960208649912,0.06802870588679565,0.015151346339725268,-103.41542256944966,1.0634514472261,0.23730675225039266,0.07186540468189291,-102.9573682126852,2.975894805659394,0.29346491988440493,0.15699790116491857,0.180789252147077,0.059380994322401126,-104.82167598603989,1.6482215904250486,12.172227009301734,17.672277302234225,-3.1927000231075627e-06,8.507022876816417e-07,-3.903466806575205e-06,6.616264496967057e-06,5.783470730828555e-06,4.735823025420834e-06,17,dMW,23,0
47,0.03168773223477895,0.0018095059315444658,0.03315801703252648,0.0003357799839562048,0.05696832679065695,0.0022696634141283803,0.1128301035760016,0.005646707273815261,0.8023169919355018,0.007974416626751099,0.8986767557059807,0.013550299417859585,0.9157538596554818,0.014446531874571593,0.9237157398385296,0.017757917903602587,0.776283112582781,0.008871289424400812,0.8661454687077482,0.027705543971752594,8.447647094726562,2.0758372779430876,25.364398956298828,5.904532108685616,31.577348709106445,4.971023837057024,-100.415321692878,1.571012832328679,0.20501712427760105,0.0562342891065046,-104.99045215243328,0.1941552774228838,0.08841153988679916,0.04073722551442619,-101.26096421220237,3.3599879898300817,0.17012081653133593,0.03978656249468701,-98.21687604609193,3.4257737770267926,0.34008836479128723,0.06770688661920017,0.19636215451297653,0.02673033945938936,-100.80279351370947,2.5397003366500344,12.698817908761907,15.502990387810362,4.0164134193637675e-06,2.425344718137725e-06,1.4443688883630776e-06,5.407409204762601e-06,2.959753376615377e-06,4.51161274867769e-06,4,dMW,24,0
48,0.0333211739635613,0.002059125135940393,0.03304990240857403,0.002248062206263957,0.057602501190786,0.00358303050431021,0.11032471961042917,0.003981736210345904,0.8148816310655447,0.006915707978676715,0.9229308808356342,0.005699681208700574,0.9146188433114091,0.008388382003036064,0.9175846720670148,0.013653317062207357,0.7841732201986749,0.0014569668708949717,0.8906369262971057,0.003646699289431246,11.40737533569336,0.6306571172580351,30.122995376586914,1.1241425301501906,35.709381103515625,1.515504017597904,-103.70737031742875,0.6314345655956689,0.2464062228749147,0.027035697998433656,-106.74934933683535,0.4838272652431036,0.15718582395306813,0.015732453071200414,-105.14295246497635,1.4663868473076023,0.1989168583414545,0.03607801137419235,-104.63384135714446,0.8644097703787457,0.23671777861930046,0.04106770576280474,0.16077331621126195,0.043104297175564805,-106.06794594113431,2.021816550379447,-3.2536690856700226,4.731611814004607,-1.4369925009342653e-06,2.4261786058279476e-06,-1.6318455328952617e-06,3.109755445148512e-06,-4.836336953203398e-07,3.7346651536862857e-06,9,sMW,24,1
49,0.0317463864943505,0.0008576872171796086,0.034394391267248435,0.004287968947099083,0.05554543706635213,0.0013971389851130782,0.10676822133141055,0.012845808395456768,0.7819291538202263,0.007763969534780648,0.8935926865688986,0.00321511607242984,0.9061423478189834,0.013606764358971637,0.9076089143885762,0.018735685866190507,0.7689362582781453,0.002180391919050623,0.8494664289932544,0.02013357553007801,6.656646728515625,1.3870644615931005,21.69640858968099,2.776892841243125,27.805646260579426,2.826530490185598,-105.30705745985375,0.46854494396232454,0.18753630321937664,0.05350448212791781,-111.48647800245563,0.6391130511110179,0.047852431043540165,0.01414511836726731,-103.02054408679992,1.3418185264291647,0.3054219205968722,0.034525382487215095,-103.16642918049949,2.011434451229796,0.3093574838581093,0.05999584703581643,0.14983186128210155,0.03606983181223902,-106.67565855868241,1.0557395598719481,-0.6645463743724357,2.6134153928495425,3.024120824104867e-06,3.5305904607455214e-06,3.317757743985278e-06,1.0178553911481457e-06,1.7949028964282227e-06,4.858129011570204e-06,16,dMW,24,0
50,0.031571261267230304,0.00043150842908233524,0.033462369966429796,0.0025915330861908887,0.058091868058354396,0.0024941801724135035,0.10705106549045507,0.005057928763328243,0.791822656580318,0.0026867237252274955,0.8990638421312855,0.0022945094892191883,0.9168646387847619,0.006409328874262207,0.9099801202657817,0.011745071892454046,0.773661699779249,0.002031240599384029,0.8615793450808905,0.006663220647200991,7.602691650390625,0.8587904733395629,24.305343627929688,0.36787608188602317,30.953407287597656,0.8622038641629604,-102.8677583109389,0.5350653655749023,0.2157793502295358,0.028182233968318173,-107.87225447037174,0.5959525145448389,0.07799493868470365,0.0018477074889194885,-103.38365913122261,0.3056835772577562,0.19907612634954672,0.010806594980945357,-101.22008373332336,1.0483408879730514,0.3339320053578834,0.04551137531362551,0.17321757937833027,0.04489324350291473,-104.42963440227726,1.3476777630228631,0.9994651525574983,5.054487113237553,1.2138430022845e-06,2.6847143729965363e-06,-2.979584060399221e-06,2.780204968852619e-06,3.5055653784327092e-06,1.4228150696834983e-06,17,sMW,24,1
51,0.032111498216662565,0.0006715822221979582,0.03236908687343617,0.0014834718138508564,0.0535374781649626,0.003782610565739096,0.10664576794971208,0.002493155384313035,0.8183542978745376,0.0036779536455866877,0.9197477510408213,0.005414402266197376,0.9318139535855524,0.014104973567057436,0.9002478251371663,0.021229660859468695,0.788079470198675,0.007521846790308774,0.8904595965443178,0.017978359241419977,12.708028157552084,3.302325241999947,30.66698710123698,2.1175762855303377,36.15887959798177,1.3354445300973028,-103.35106006654735,0.9299984165204489,0.30308699801570244,0.07570428976414734,-106.98778010934193,0.6934344379484759,0.15073329888144074,0.022117548142550014,-106.25062655559496,0.9448034919490559,0.1756482474932052,0.0383464765993245,-104.50478961860235,1.6139218642201754,0.27613305796998516,0.06470575498204682,0.09439839763966636,0.021879484491962906,-109.04170813802979,1.176341402977032,5.427252341541263,3.1361386743923956,-3.7810787688394353e-07,3.272353330006728e-06,2.0951282535363658e-06,2.7708727027163424e-06,5.472524136556644e-06,2.9703351448544468e-06,6,sMW,26,1
52,0.031004237169352935,0.0013444119591840505,0.032970003636323096,0.0021342924505971025,0.05496295907022483,0.004399465936437531,0.11034809247624904,0.0038150447220042624,0.7833177495700573,0.012281033545865279,0.8962004835431451,0.012663537620321578,0.9270759980879378,0.00891523600637935,0.9191616730667717,0.010150252803658005,0.776179635761589,0.004619518684923209,0.8760482388266277,0.015524452850081735,9.379386901855469,0.7148379059116869,26.76836649576823,4.74644055378205,32.00880686442057,4.914824440426835,-102.07605760094621,1.7586971072614226,0.29172553426003694,0.06725625023581157,-108.36502316796778,1.853186481723024,0.08583257000520234,0.050033158659302315,-103.90274710305874,0.4130121264606526,0.20463704857578557,0.06546858378737452,-102.52085514853827,1.6013857035635828,0.2825801496293689,0.0401062373830164,0.13522469752960606,0.05719465575112423,-106.06795539920243,2.500718151634537,-1.1305527924529535,8.016411533770945,-4.700457157579963e-06,6.1258215193984076e-06,-4.080776084931457e-06,3.793358102519176e-06,2.5287388389841473e-06,6.735818514716714e-07,17,dMW,26,0
53,0.0323545722923674,0.0006693861630346117,0.03241399378366927,0.0018076422766335476,0.0586856200451406,0.0014293327944840896,0.11252204791508601,0.007758908619414286,0.7990890979065609,0.006954162159085784,0.8863085163927117,0.007069845547144705,0.9313233952439041,0.0007783701548200028,0.9565768337081967,0.012677734969122377,0.7816639072847676,0.0010803297298127119,0.8922182099317073,0.012224438404085661,11.371294657389322,0.4916228871735392,27.35106150309245,2.184224904818036,33.438682556152344,2.9581386257750464,-98.16389259152548,1.5653704869265868,0.33916236846587106,0.04631823482765346,-104.25475379309567,0.7626285449291831,0.0983332114872013,0.020953155611234085,-102.04007439044886,1.2757704252680926,0.15332079429034431,0.026283717932256236,-101.34466822716068,0.222680284395432,0.1912312388997689,0.03145101658471993,0.21795238685681428,0.01468403481949128,-100.45594964766445,1.3244061250379806,22.233167088735552,23.012397009036462,-4.637705338230081e-06,1.2969449466046581e-05,-1.3391533669387942e-06,7.0779630406311696e-06,-5.762983334889559e-06,2.5985198267368436e-06,4,dMW,27,0
54,0.03190807333012897,0.0015129326201940953,0.033383939494089104,0.0013961814370800026,0.07247219361166657,0.025020141166688586,0.09988362264573165,0.008474609007819538,0.7903888138815152,0.045826002111634415,0.8941140792048853,0.05007296672928753,0.9221809139222831,0.010658427635515706,0.9164891470699539,0.022166771572557552,0.7818708609271517,0.013698080085573359,0.8715146136054305,0.03247012093991379,10.581016540527342,1.042164454117539,27.646382649739582,5.516504772155902,33.47333272298177,4.7654213679737785,-99.73465117036771,3.4582331036235723,0.25252738929597135,0.017417276808130572,-104.6839479302872,0.5869564699592612,0.10205500972507371,0.05850848343534496,-103.37867408807655,3.3552906626162713,0.13792117251156213,0.07041388119104591,-100.55218117333891,2.050267727594714,0.24839471705773322,0.060553581558236216,0.2591017114096594,0.1576983785742256,-100.5732675614352,6.690534225558279,0.8026901245606558,4.025855780973818,5.364420276545264e-06,2.1513888672893513e-06,4.830048254375039e-06,8.851066194206844e-07,1.2941978623816687e-07,3.1035801177086362e-06,23,sMW,27,1
55,0.03142253931269263,0.000745176366412006,0.033790775048764266,0.0006294741833852335,0.056000355569495334,0.0026637471878946896,0.1157904781579085,0.011346411098001191,0.7967702244248565,0.011928221057349994,0.8805168401600575,0.016925355407623993,0.886820539732217,0.014975349972545687,0.9480818684955258,0.006309148025111784,0.7764900662251653,0.0036569944219933337,0.8539984624273641,0.016940201157947185,9.517351786295572,0.3744800278135915,21.95262908935547,2.4302333114583994,28.36290995279948,2.334738149891512,-104.21026266292756,1.4029115297801968,0.15028625102625384,0.04012440516537551,-107.75124581517196,1.6386419390251967,0.09297445069742737,0.007169575407569962,-101.28175417477267,2.7682461060704315,0.2786017605599445,0.0927192114848015,-102.96553542719217,1.3427981412311836,0.20701216295145605,0.044237193034233124,0.2711253747649181,0.07915236440888475,-101.5198769623272,3.6760379309437896,-6.3542150999405935,10.103718437280666,2.7584117191487165e-06,3.451349036352658e-06,-2.3365927622557777e-06,3.907936079000324e-07,-1.9470168015551446e-06,1.1422822591116025e-06,24,sMW,27,1
56,0.0324679907279664,0.0014064030965940312,0.03395735460947295,0.0034772265499106803,0.0547048430253539,0.0039008502427924072,0.11086594370637776,0.006477544214032482,0.819465161207418,0.01732236241360143,0.9134934325998532,0.028803531083118075,0.9244849281533484,0.0022293202662534285,0.9478984467650327,0.005878794391635035,0.7850786423841054,0.011121712618000174,0.9082284150281802,0.006117919907691772,12.847900390625,2.008213037847079,31.99625015258789,4.806089429394269,37.25481033325195,3.2240653236893424,-99.39631711958415,2.269354083186569,0.2774543326010877,0.008079303283754176,-102.68691911876263,0.10668599313859851,0.15896906235398614,0.06677008917608662,-102.66034288101395,3.982033918382289,0.1543938592791332,0.04763213801399446,-101.81873894277206,1.57165337878429,0.20402591159548766,0.04592079698429752,0.20515683417030522,0.05697944486263558,-101.33850314987629,3.7536093587063126,7.079233975002058,2.557857675499123,3.28906544777744e-06,4.894842505830288e-06,-2.163085264267514e-06,4.346249307481205e-06,2.386599009855428e-06,4.057158623084109e-07,4,sMW,28,1
57,0.029615092433913477,0.0011718978747654687,0.03393953666514162,0.002698529135397524,0.058508832585311046,0.008470713875031642,0.11563532438756738,0.005849914182720125,0.7828394388332314,0.016533313565690787,0.877186708199347,0.024605721293552592,0.8910040397237234,0.017664531863390384,0.934390324733364,0.027140338549700323,0.7679532284768209,0.003741895074767015,0.8438959849423305,0.009019372249092482,7.374763488769531,1.3539383381058603,21.631717681884766,3.348334861174757,27.988195419311523,3.3103466850151326,-107.36290001805423,1.35734031760671,0.15748638420328698,0.035689209582393654,-112.59402140794768,0.9126985198859153,0.05572629018708765,0.014128179011641592,-106.50679277997455,2.900776682752116,0.20913418457281088,0.04324879876051703,-105.23523112283003,2.114730557871343,0.2898570838489739,0.08816895809663762,0.2877960571878404,0.13719520226409967,-105.33138580031682,4.356244331430952,6.142545210056051,3.5391263468071146,1.3973902621344383e-06,1.969924830987887e-06,1.5198136550199884e-06,2.513560290263397e-06,2.23385057331954e-06,8.223583476391798e-07,15,sMW,28,1
58,0.0303499682008668,0.0007407467054024715,0.034407714036276946,0.002312332448057011,0.06517020019171145,0.008989566676176982,0.13422498508356026,0.0180570385181218,0.7546070587050383,0.017530167768168587,0.8501097261261374,0.02972873459773715,0.8911173437861052,0.01998067519437227,0.9550229808416827,0.009257124338910929,0.7649782698675494,0.006432993993281436,0.84573054495349,0.027058792524955164,8.808135986328125,1.0967953977540188,20.318269729614258,3.880985285936595,25.898456573486328,3.864594402223511,-101.53883349148428,1.0206008342570925,0.18151286944151965,0.07040097218400751,-108.60874538384297,0.6129253392082027,0.05044613405521885,0.02358053004804564,-100.38765070467026,2.3827865852905865,0.22317717800521603,0.03503790847523161,-101.25740462748705,2.079167898330446,0.2056378486011344,0.02381975196750941,0.3392259698969109,0.06747015260513341,-98.80270488225005,2.7413419671911954,-3.3498192905525914,13.047868961937674,-2.0123992880283578e-06,4.271706299220859e-06,-2.4819718890849304e-06,1.2143370220881645e-06,-3.654832583839619e-06,2.473851684245003e-06,13,sMW,29,1
59,0.0310151223775559,0.0017002098175631281,0.0311027972969995,0.0014034974776484473,0.054340548852571065,0.00468971500410606,0.1104182795788994,0.010254226115776094,0.786606939562394,0.011763056257246165,0.8842878311141583,0.016875298425834608,0.8910204292783445,0.017659053088818072,0.9355977605003476,0.010029372020717145,0.7684878587196465,0.004190917714560888,0.8497520051536989,0.012147204854446904,7.3439280192057295,0.6725211836061104,22.73400624593099,1.8756517559998886,29.00981903076172,1.5708634316896717,-106.94289566402692,1.6706751674846456,0.1584661919439736,0.056154515295627046,-111.44018965848574,1.3170051782509744,0.06659110493216437,0.014168879137979415,-104.38933380681198,0.8559898891387334,0.2637583105494326,0.05133904835928113,-104.57508358063245,1.4477251572038152,0.2786935409426221,0.07556644943436598,0.23249085163180713,0.03606850582996604,-105.26579224774726,0.544612096983631,5.804640814844127,5.661517111810217,1.4344620092526603e-07,1.306999099471595e-06,3.2349939298096363e-06,1.329052289985472e-06,-7.996971143339401e-08,3.4868658742460594e-06,15,sMW,29,1
60,0.03133597547919967,0.0004293396378882083,0.034567054631262605,0.0010891660795059003,0.05810667343846613,0.005916049076636386,0.1162536560438799,0.01185159038818497,0.7789319429688705,0.018220171598665368,0.8746586723908575,0.014596754090786776,0.891858203972785,0.01032589436391585,0.9542346995306557,0.01863077874262584,0.7707643487858716,0.0018110907274868384,0.8563198545279788,0.013167503110984774,9.655316670735678,1.1911473657000244,23.01788330078125,1.0979848348193997,29.613812764485676,0.9546738790432299,-102.77775091828896,1.3125391881671147,0.17420399327698,0.04043736092160462,-107.09392436361514,0.47814484435114074,0.08124560535418877,0.007378648622554646,-103.20323790261602,1.3957788362831192,0.1661959222437851,0.06231473820841649,-101.88590316417257,0.7495512980887388,0.22222538139055006,0.042972430596430834,0.3561290977344959,0.06949298337188947,-99.57590771677911,1.1444375093832075,-5.025777266184992,15.282919936619493,-3.7543976367333017e-06,5.159543602493072e-06,-4.371643298858024e-06,1.0718901092482409e-05,-3.876953427735773e-06,4.181643454190694e-06,13,sMW,31,1
61,0.0312503077048786,0.002142004615871703,0.0347123771375612,0.0012679252363632524,0.05271469711041793,0.00548359889396348,0.09670618227151813,0.00838629856952345,0.8092945597374063,0.003472657338776837,0.9160153062121754,0.006311882144318473,0.9216767362774435,0.011332745236881481,0.9280813113619238,0.0026834196525976042,0.7832850441501099,0.002023318070648741,0.8861490986510819,0.009086636122241653,10.350863138834635,0.7231601939951037,30.38946787516276,0.946526123024005,35.374959309895836,0.3465190206493279,-104.69792590942836,0.8412285463632465,0.23810826351853412,0.04030823523278331,-107.93640380688403,0.5114379623314443,0.1323432728614371,0.012365907580690822,-108.06315889472467,3.3045161953119244,0.1366529206964726,0.06827315761891702,-104.84299596738595,0.5838541064935021,0.26587397492975584,0.010972734311677052,0.2270215679938001,0.08394757581570843,-105.51326828656283,1.6187046304239985,2.6019235797089393,9.475342064572551,5.6355093413756765e-06,1.112970339246167e-06,5.178992737426871e-06,1.7126506823375528e-06,-3.0470956297287056e-06,1.6850582983049457e-06,23,dMW,31,0
62,0.03089065942963705,0.000697053986924383,0.03190975863163695,0.0012422437381367922,0.05652163899042965,0.00394400052013899,0.1208043816870185,0.013157831123466406,0.7737330421704018,0.017598718938126097,0.8741279577323833,0.01329681061652233,0.8863065442651048,0.021995698749116267,0.9394202110767602,0.004319345031909761,0.7688845198675494,0.0063657170905659175,0.8513183362947505,0.018204449106861847,8.659839630126953,2.151849497572204,21.15154266357422,1.089748915097676,27.10056304931641,2.284696364078549,-102.47558465690642,1.1685789521892254,0.17624409431987825,0.04103159589790159,-107.75239050252684,1.1229740278574827,0.0657626131197793,0.009178998328752396,-99.67253704682682,3.2352655497808147,0.3061503831442871,0.060928846085995025,-101.68018158652055,3.4742606438956236,0.21563473614152134,0.06475184371729203,0.2362081732745338,0.0754700955766332,-101.0861301934111,0.25317218308579503,-10.676750258255577,14.126405120208014,-1.5698438963667938e-06,5.365739593175787e-06,-1.1338791022579203e-06,6.162057631721005e-06,-1.3159093400739155e-06,4.625250849140447e-07,13,dMW,32,0
63,0.03116436021054153,0.001338951772887813,0.03462421391693817,0.0011276487431382818,0.05845063939366837,0.004057180051917047,0.10931100210832286,0.002572612497369286,0.7949068593221199,0.004935911383299244,0.8847434605151578,0.006488105178969755,0.909017103544488,0.006841470596628679,0.92094157111053,0.014331204424673906,0.7728338852097126,0.0009332056607663605,0.8515599622003145,0.013670127742602008,7.260322570800781,1.4461476580764394,21.5762456258138,0.9104020649348225,27.82440185546875,0.7284792193550806,-105.85959392584247,1.6208577689722774,0.17260070380083756,0.041241113948144996,-111.05742929673232,1.0223993303254835,0.061966277422087566,0.00677395194214028,-104.38835996819053,1.326107824754157,0.2302878746580044,0.08879575563539227,-103.28111022878646,0.5669775788369054,0.32600964797931997,0.05894642558119851,0.20913549613975033,0.09394955689664312,-105.16868684902603,2.4622584440526527,6.876324423324917,3.900117345424133,5.468572100377524e-07,5.945810132165728e-07,8.225093915367352e-07,5.046212354233004e-06,-5.1859086897088944e-08,3.349994081329585e-07,15,sMW,32,1
64,0.0324318765136802,0.0023867214998477505,0.029358856970250025,0.0030893383850825844,0.054009678620984124,0.003807379527445377,0.10667563009865427,0.008270187215744872,0.8026685376614464,0.009918281958348967,0.9019134098155155,0.012389980439116665,0.9239112993591134,0.0075063502335680245,0.935368773798707,0.0029325478160709,0.7826210678807941,0.005069572262110451,0.8919348699624848,0.011776077908344652,11.132001876831055,1.3785656930594616,29.178619384765625,1.4007708691466798,34.82460975646973,1.2489765807740973,-103.80629858323157,0.38223413536600737,0.26139679988218145,0.03362744458787046,-107.63668278131387,0.9829467133884675,0.1259731309984538,0.023680338607250842,-105.95593118652972,1.1806564624841522,0.17455136681007144,0.026905873143506523,-105.49548643223262,1.3966101751017652,0.21513075540693588,0.026658668756992267,0.22294794690235728,0.045571340746432404,-104.8993213355366,0.9708257607495512,1.0163784499636366,5.352764414162385,4.959805012934122e-06,2.1778281032380854e-06,3.656255240676235e-06,2.733540854821366e-06,-1.5494715811395818e-06,2.4262397853079506e-06,23,sMW,32,1
65,0.030837715016763675,0.0016322920348467564,0.0333436293893951,0.0017096893967485614,0.05421013464717125,0.00041959822898101175,0.10484936666116346,0.003188738683901749,0.7944452925477241,0.007486742630857032,0.9012189235030523,0.002203292422271992,0.9212364641090327,0.018917353960206346,0.8924604735560617,0.022072044856851703,0.7734633692052977,0.00820816472448097,0.8702659105353155,0.02453871634464052,8.872032165527344,2.1745705379387044,23.82063865661621,3.696840336189784,29.64496612548828,2.570996414213034,-100.33806589517619,0.5806018132339142,0.2541971885040905,0.04525721652057649,-106.4730438478512,0.37692965986636495,0.07697508712258008,0.0263362081360249,-100.5498621109101,2.2344828152455882,0.2465591555032409,0.055678705625575996,-100.38183379452114,2.8654696874209917,0.26792025674535336,0.07719756744003768,0.15434831212473504,0.04399935885129897,-102.84199337505646,1.0271073485917588,-10.794031653380415,14.928033758542941,3.4669165182370318e-06,3.258054298718095e-06,-1.0690010090810551e-06,1.1283188950585118e-05,-5.6919048469454265e-06,2.169961215225497e-06,8,dMW,35,0
66,0.03173400643429572,0.0009133766627073938,0.03227819813541785,0.0009674542900435847,0.055493890104430975,0.0015572976333086649,0.10596092264573577,0.002558888795053641,0.7860414497882017,0.015205497356933327,0.8880109627918322,0.0221820345186434,0.9125493483280995,0.009432934612028062,0.9079324496479054,0.009341220975006672,0.7677721440397347,0.006701472431401625,0.8553931324565226,0.02625910123069293,7.584810256958008,1.4738557298269608,21.816253662109375,4.504466858509723,26.47852897644043,4.398543651377286,-103.47772116163272,1.860880078808613,0.23428340452712837,0.05652759330278515,-111.3553664604386,0.3946640274336332,0.04506094525068328,0.020909714953941182,-104.83827848639038,2.058924068610734,0.18277659934384297,0.04193365540860419,-102.40979110349906,3.6280916149264795,0.33480030366123614,0.10240854054263289,0.2030787472171091,0.04957120065224521,-104.2404886544139,2.8377106277911697,1.778138688918001,16.782480675727214,2.6196162701477812e-06,9.15602549018414e-06,6.4662997324887496e-06,1.1803166019559196e-05,1.4225602162438322e-06,2.182030025611437e-06,2,sMW,38,1
67,0.029155351192092834,0.0019122064474696018,0.026940569798175665,0.006283529218212703,0.06525276268735909,0.00520650372997316,0.10806354175465427,0.004269729516927736,0.8435846510195101,0.0013805152571783625,0.9574479916188787,0.0005053158258102031,0.9468087328664906,0.0012580540044489546,0.9286498241730142,0.026257726938628646,0.8013245033112576,0.0025113123136406164,0.9233360904530152,0.005825465614935713,22.137959798177082,3.648560804980029,40.40877024332682,1.084252765608448,42.42642720540365,0.3681112858661761,-97.74460123468693,0.3231443262644409,0.28254047899091655,0.05790842189719396,-96.21030982873428,1.7860895900704057,0.4004814092329954,0.09217699499778213,-103.58316536551963,0.3647672592929176,0.10927661733174389,0.03899869342488931,-104.56342122711703,3.1429349869704706,0.10541808192624356,0.07496188678266791,0.10228341251810036,0.03496457895144876,-103.2515651417505,2.284798638767376,-6.981013767456184,11.623036874266868,-4.480797994641332e-07,4.264650989704178e-06,-3.6084849277546017e-06,1.7624017074810317e-06,3.802313328099823e-06,2.3753444146034664e-06,21,dMW,41,0
68,0.03273635444179116,0.0016680736471311045,0.03479550720362146,0.0028550960925495445,0.053573508754643305,0.0022300956089333643,0.1120400894212934,0.007527161867667132,0.7950558099727654,0.006269135957859527,0.9038219221432446,0.011899408652499536,0.9166290317483341,0.014509705744870444,0.9107898473515889,0.015286753588282662,0.7751103752759377,0.007876709279576462,0.8708959949760172,0.017001236768192506,8.871714274088541,1.8559630138520669,27.312596638997395,3.192212392358121,33.37669372558594,1.941790512079236,-101.54847945299066,1.2990495887280955,0.2308483311888895,0.05182358563180431,-105.52717334530227,1.0420278381895967,0.10756776330255897,0.04008896723871291,-101.94636286391183,0.6653095837165907,0.22000161070245336,0.061835775575814565,-100.51082783575076,1.453153503723493,0.3069827871969026,0.07728391523624363,0.1345995076091954,0.05092133290917146,-104.60687177890638,2.4347511703238425,-11.509746052661876,15.330669980481517,9.449426070164808e-06,6.55610965615626e-06,3.344321544181636e-06,9.694672177055762e-06,-4.379927663297513e-07,2.909683748749984e-06,8,dMW,45,0
69,0.0311674151604645,0.0008624730441883122,0.0363613612919514,0.002851426178323479,0.0558821125389769,0.005243693150692502,0.10394457518927802,0.00392946921942866,0.776852502604112,0.008012688788093775,0.891643228037653,0.008505787705231839,0.9194963094209969,0.010185527441231393,0.9260237975904112,0.020697025878257943,0.7737737996688738,0.004930374640190851,0.8695144156213963,0.023622756006085703,8.997917175292969,2.2818428609955848,24.78957176208496,2.3748446738874134,30.41815757751465,2.7653251510922274,-100.49227322727776,1.4883282798251798,0.25196221277410097,0.05585399279971627,-106.6025049192629,0.9237534335615504,0.0772796184297972,0.02466702000280878,-101.02133859614726,2.40370690151906,0.2234214475654504,0.037663646366126714,-99.77689387713434,2.332482790878849,0.29678830993160477,0.06430472509915662,0.15054841129904648,0.0443859244623085,-103.19491155054965,0.5748088762487854,-0.29599454425304383,28.948271511984316,3.6939608436742552e-06,5.750419157942897e-06,5.536993958793245e-06,9.275762815157347e-06,-2.022534597152375e-06,4.775954392396178e-06,8,dMW,48,0
70,0.03225283567707325,0.0011844184139425222,0.0329562955179451,0.0019242093015552958,0.054097306391479076,0.001769982883987202,0.10856304551684612,0.0034863991892891107,0.7996667547270295,0.0029855939153216066,0.9057732664226046,0.009406973102482622,0.90734067442417,0.013197913539264566,0.9191131745627061,0.018195218666933084,0.7762313741721849,0.0028744711161700584,0.8732395743380149,0.009580063457808619,8.422613143920898,1.5901474487057965,26.327133178710938,0.7357105457891205,32.36198425292969,1.0552795947098719,-103.89993507689044,0.7344274357117957,0.2242716001138892,0.03947532589640324,-108.23999960228971,0.5126569915140498,0.09797777569237853,0.008875916758962009,-104.5040216927683,1.024897828385005,0.20535345485003018,0.04394041900619549,-103.22267490939734,1.901897972809726,0.2931550784260908,0.0903993834132154,0.17924209091761117,0.08652739821620171,-105.43477643954054,1.8386788496028028,2.9150766129578423,6.548301607235362,1.1489411785599957e-06,4.507733094565285e-06,2.0527726464078516e-07,5.101502848095511e-06,2.074130092493423e-06,1.1105170466883136e-06,9,dMW,50,0
71,0.031804980452128845,0.0011441732655984934,0.03214577715481165,0.0025863357384185155,0.05446156892026015,0.0034585836111469272,0.10224849221548585,0.009559428846291972,0.8046221296192726,0.0033855961655791535,0.909885517002764,0.0008233127522644983,0.9214418766318362,0.013483368195797991,0.8998962883815962,0.030839544797429997,0.7781974337748341,0.0035852889360656775,0.8797395251861455,0.02094331458561392,10.51950454711914,1.7863520272857345,27.772903442382812,1.5118917497827906,33.266544342041016,1.3547682985341778,-103.42861053092854,0.3531388328465779,0.29048640122466174,0.012601272642276848,-108.82282671353104,0.4024180644169174,0.10294672011964251,0.024513063449293167,-106.54700812790048,1.777832810420167,0.15992880316017388,0.03315228800857988,-104.30709652977022,3.1956759998194912,0.2788859311341119,0.10801714923660204,0.16775214436140976,0.10405510115361181,-106.81966652083432,2.149780508570016,-7.650000614086904,11.431296255721898,2.1690682101454658e-07,7.606441582816472e-06,-8.570970941762509e-07,4.478966592508172e-06,-1.316063008079077e-06,7.623878477523896e-07,9,dMW,52,0
72,0.0308540613687048,3.5100361372509986e-05,0.03042202443465085,0.0008587749917171931,0.05257968380462185,0.004696738220950941,0.10512775515918425,0.010379064217794802,0.8058580075732004,0.0023779950991661097,0.91972607484401,0.003744974727028089,0.9130553584139454,0.012568596966193295,0.914177372068437,0.014706376953521448,0.7787665562913904,0.002780428154500122,0.8730879729099537,0.011881952897387648,9.498119354248047,0.801801646071248,27.495861053466797,2.838337366117648,33.9198112487793,1.950893323872263,-104.63451514178959,0.12251943281191183,0.21371965949240707,0.030369762295775045,-108.04651845189551,0.31709091264353656,0.11549484499438689,0.029658702890568718,-104.90098593820798,2.010271820822935,0.225599327290978,0.05813805805260703,-104.68419808713092,0.23037933737346147,0.25526767690936036,0.03178509000931802,0.18991849131286756,0.033675497143054796,-105.44015483015335,1.8066263604558976,-2.6934702028095194,1.5046647582212074,-2.1704189428772046e-06,3.2158138815546443e-07,-3.0547750746384527e-06,1.3493315345253959e-06,-9.743891257047007e-07,2.2183678356532984e-06,9,sMW,54,1
73,0.02971787932876767,0.0007990296111711438,0.0330477219086081,0.0026724674251374964,0.0577218852557845,0.00023587409783615488,0.10767662563890813,0.00252563026589509,0.772108429573836,0.009013348502706605,0.8674246497348485,0.010389495202391791,0.8855605096820168,0.011797745932777545,0.9278919838303236,0.018716281045252248,0.7650386313465781,0.0025979346106029724,0.8275286011232149,0.015730179671426946,6.6890716552734375,0.8693101041618162,17.86963144938151,3.032830122875922,24.715741475423176,3.316547654348165,-105.45939644658627,0.6033191985600141,0.121047969691159,0.030005713371844985,-110.677131711959,1.563627539209527,0.040227401236284197,0.023401897378022413,-101.47041099831353,1.2963485872266414,0.2964658166668021,0.017169237769610865,-101.6522180553488,1.4909584291941365,0.28899353173601167,0.030924062478590513,0.2532652806697429,0.024519601850370294,-102.4297610642958,0.936790952422637,-1.5762573176649977,6.270556336009277,3.583227152064323e-07,1.701300351626421e-06,-2.6421686115504156e-06,2.2749602677336976e-06,1.200389585928239e-06,3.3824626594423723e-06,12,dMW,56,0
74,0.0326559865352578,0.0013168967892851623,0.03347225322734265,0.0021456978750641785,0.0557083249934451,0.002505455807490545,0.1069801562062935,0.0051903277636825475,0.8090530279877572,0.01150946692221522,0.9088712221044133,0.01667654485402628,0.9283017781689152,0.010164193860207114,0.9081050023083985,0.018867920842184145,0.7819225993377478,0.003307483534153824,0.8765144971189159,0.007160652468864809,9.079933166503906,0.24681931471048676,27.033329010009766,2.7988951527781474,32.660484313964844,2.589821615208135,-102.9984475051507,1.4461587910983087,0.25560288906427764,0.016030887644736033,-108.42259810711457,1.307319071766078,0.09708359799985518,0.02505059943796831,-103.4773804636461,1.4686969197537951,0.2397091221415017,0.04456647669596255,-102.9759034113072,0.5757699007346054,0.27762504079377165,0.0425334604680802,0.12997935000059366,0.03848138148568923,-106.60092075696942,2.1838149303009877,6.373115956636927,8.542814335270286,-1.8720140287260395e-06,2.263969257252881e-06,-1.3212097628548686e-06,2.464179493766639e-06,3.3220059860947356e-06,1.7598744018776636e-06,6,sMW,57,1
75,0.0305938955119999,0.001779050705313616,0.03226169435708177,0.00304779886164878,0.05502907235505653,0.005034502238226415,0.1058262837440994,0.002723560227919822,0.7924570594066989,0.009363520092417454,0.8944174436843694,0.012233526653653851,0.9130558283465872,0.013009903874308488,0.9046339678928844,0.02947296751127577,0.7749034216335536,0.0032662198126821086,0.8671609702738422,0.019563590517858706,8.015632629394531,1.4149721463947602,24.687449137369793,1.6808234093029952,30.85899353027344,1.5463531290129122,-105.08694425079739,1.418449601589506,0.2574290797372844,0.08211342584764449,-111.04448226310056,0.7678821609919337,0.06854308331251004,0.004028913007385311,-104.76273380954649,0.6349237319630306,0.2623459781836455,0.02925645145203142,-104.54205583368798,0.9681507254426421,0.28855852570379,0.04747314217977001,0.12312333306276986,0.048045189173931885,-108.6212044176513,1.5348316186062791,2.1718461228984443,2.1030711100770763,1.0830298654105046e-06,2.5460224711885865e-06,-9.279801742074977e-07,2.483968112935114e-06,-4.950031718335378e-07,2.983750891626898e-06,6,dMW,59,0
76,0.031138811014785103,0.0009147010913162333,0.0339487713060487,0.001968850075676558,0.0572147513672542,0.002614186386738707,0.10841647921295054,0.0005662272187389642,0.7676447483948179,0.008623766271654421,0.8790554665641931,0.014614276248138797,0.9302856659907631,0.006334756368362521,0.9333081799771779,0.003384837104011829,0.7732822847682114,0.0013998084911493848,0.8770190215273796,0.013830587241133976,11.257171630859375,0.8142887711572907,25.187174479166668,2.3462949266694935,30.724207560221355,2.237347046844348,-100.805592483187,1.1962210634019534,0.3521523494737347,0.08138582506277606,-107.97123499865694,0.9215894391090158,0.07692041374106794,0.022787928896341045,-104.44165223374863,0.7598869284608039,0.16645283033506655,0.03399191844610171,-104.15569219611207,0.48580407254965574,0.20120915884509158,0.021947133489704625,0.20326524760503906,0.05059697825175439,-103.4802860711373,1.7687815212247024,-0.7053046230339376,2.396374643235792,3.762023251507123e-06,2.198514171064473e-06,2.5718730285902044e-06,9.623244622901484e-06,3.663667111959664e-06,4.365588001882656e-06,7,dMW,66,0
77,0.0281141214648037,0.003253841294511628,0.0316346048191174,0.004865699205323225,0.055520650684915206,0.0014630487921830587,0.1072951139632941,0.0033941911104452744,0.8035865741784995,0.003825789768572937,0.9091137268901557,0.0023494184772583026,0.9046850112697035,0.004603028331503922,0.8991343374190235,0.009347187349621446,0.7779387417218538,0.00225522503287494,0.8691273482315465,0.015661336908443565,8.707046508789062,1.9989366291663266,26.563008626302082,1.929201192556324,32.80417124430338,1.7301703201440823,-104.60381845357334,0.14573264847793235,0.22768017522394288,0.029130678110655783,-108.83232403692597,0.6888999846981081,0.10586982642963134,0.02850383953546823,-104.377540694924,1.038822874052563,0.25996435158132597,0.021888560268080736,-104.26720595024528,2.047670201521206,0.2801245716213204,0.07025722502760536,0.12636107514377923,0.03994126464999846,-107.80975562049845,1.1691528466296028,-1.26360039928267,9.528860170180039,5.829841972715919e-07,1.4292194468152758e-06,-1.254467630963927e-06,1.2140648874033412e-06,-7.947049408985696e-07,2.3653539704679712e-06,9,dMW,71,0
78,0.03234027920958613,0.00020907602939614767,0.03238232171772227,0.0019912151090460016,0.0544951750385119,0.00218924163876591,0.1100759366893983,0.003107721174282379,0.8002301291768266,0.009890759770548926,0.9038657589950653,0.007435522758369084,0.9196844831001726,0.009034201076099552,0.9312533853001477,0.011613466387539259,0.7817328918322292,0.0037155720224875256,0.8960163294606763,0.004895813087019121,11.237462361653646,0.21505373456430382,28.400103251139324,0.7948486873174496,32.98060099283854,0.6105194258326191,-103.33003010765817,0.2181581613242084,0.2852277966536242,0.01270453136120713,-108.52195799910508,0.42372471320146904,0.10941511399828102,0.014862600049732482,-105.92029123963233,0.45503867450924784,0.18788406301912586,0.01215639978484609,-105.3117460800169,0.27057428016941487,0.20599915328870377,0.017321452623406453,0.2114738730402649,0.02692853556461528,-105.12208549016212,0.6945322891355201,-7.2910858495069695,1.8512130499495074,4.801451056121675e-07,3.4527180045804887e-06,-1.8321417685803648e-06,3.5628195301862044e-06,1.027560455395325e-06,3.3307270926593213e-06,12,sMW,76,1
79,0.029835351861652565,0.0020007630786769365,0.030518880680849635,0.0023649489885683487,0.05231407946751543,0.0049430201704752505,0.11127941146144493,0.013630063548585633,0.781006553528364,0.021266267765745625,0.8744812692253147,0.02492419165606011,0.8958521526321429,0.00963206408115081,0.9300939509411744,0.02143446954567461,0.7679359823399556,0.005147213488407686,0.8522793812360799,0.0061478058278994,8.539199829101562,0.8391553669112176,20.711580912272137,3.117228795898323,27.3129145304362,3.798919992484757,-105.71448856287505,2.055206921918909,0.17653649414182762,0.017188155920692443,-111.65784008007789,0.9232094805355859,0.06416408203959613,0.02594372230631085,-105.22880081620038,2.34252546977037,0.20440926715136712,0.029142356856661496,-104.56601434087413,0.2371871453492758,0.2611492261589357,0.09191482085642035,0.29374093050827327,0.11950037137457459,-103.64502389398854,3.4484074494276253,9.718913015998696,4.028062079155993,5.8991843036837115e-08,3.3543927894666123e-06,3.215739600120485e-06,2.247127880090155e-06,6.804080208517341e-07,2.628804002018733e-06,15,sMW,78,1
80,0.0293051106120143,0.0019078480597392701,0.0320044547770498,0.0026428390578439463,0.0553549512471725,0.0006772676362093782,0.10024895459734373,0.006376681910318245,0.7814056751102919,0.02763905494081158,0.8735187915875707,0.02872282774282627,0.8985304212485299,0.004141164812992842,0.931348920620807,0.039852515218171146,0.7689362582781455,0.005640198706502964,0.845629759327362,0.026910183887114702,8.880615234375,1.195881355034326,22.00603485107422,2.8162041317570456,28.750101725260418,3.441704818637367,-106.19685570251306,1.6112878571650513,0.15643488010735293,0.026118451402567848,-110.71595172227927,0.8632772747942262,0.08090075240258264,0.0379887126805388,-106.2896229608927,2.2667707706093827,0.15628565186563595,0.03891235561712699,-103.1716204896973,2.517936941330293,0.32440246687172086,0.13892210954072012,0.2819762487527074,0.10213181455043606,-104.11903036418279,3.452026656482254,6.249485988902154,3.4741649983744423,-2.668800381658435e-06,9.254005116674216e-07,1.1177604789047181e-06,2.9967968274571817e-06,1.352845006199919e-06,7.220788299089788e-07,15,sMW,84,1
81,0.030239157661024002,0.0013929759413520689,0.032819956517313634,0.0037417654767497857,0.05650997116694809,0.004962288450761537,0.11167025792485874,0.010640217422057481,0.7919150194413903,0.00827416701343164,0.8841005526964825,0.013747870006654008,0.903483673783651,0.004073322247173128,0.9498273023106751,0.018263718985801973,0.77421357615894,0.005713757322962875,0.863455822607511,0.016069054770763105,10.444959004720053,1.7862796861942123,23.82500966389974,2.8661701208049637,29.947280883789062,2.0929570858574693,-105.83733360358549,0.7308339391859837,0.21119946870492756,0.08598887947996593,-110.39588891095826,0.5207661484072454,0.08614261509270073,0.01137615865298865,-106.7267803881255,2.358536362070827,0.16528601747358562,0.05917911794281621,-105.25717287121064,3.2330259285504845,0.24561425526795402,0.07614490099093701,0.29175764346083183,0.07457645292584471,-104.02034474790314,2.197467027993193,4.894949277334735,7.773288914902301,3.6435016503325818e-06,1.077750262115232e-06,7.419699331914964e-06,2.8448588578327285e-06,2.6167520912480566e-06,1.1536580094476543e-06,15,sMW,101,1
